date,US_bonds_11,US_bonds_12,US_bonds_13,US_bonds_14,US_bonds_15,US_bonds_16,US_bonds_17,US_bonds_18,US_bonds_19,US_bonds_20
Feb-73,-0.006811416,-0.00837882,-0.006639219,-0.006676916,-0.008042194,-0.007612427,-0.007403166,-0.004117644,-0.000438158,0.01262149
Mar-73,-0.011221339,-0.014589125,-0.011250288,-0.011780634,-0.011272249,-0.011481953,-0.010400358,-0.007937167,-0.00496181,0.005968772
Apr-73,-0.003491308,-0.00608544,-0.004059991,-0.001888457,-0.001566329,-0.00087636,0.003144542,0.006267313,0.010586842,0.010089211
May-73,-0.009497349,-0.014212418,-0.015822853,-0.015384189,-0.015679859,-0.014288242,-0.013841917,-0.009713131,-0.010787565,-0.021347442
Jun-73,-0.011599108,-0.015168123,-0.020522781,-0.023017937,-0.025620564,-0.025143022,-0.024735983,-0.019615415,-0.016945827,0.001997483
Jul-73,-0.037972466,-0.045919974,-0.047677703,-0.043256984,-0.045122731,-0.045898446,-0.04334262,-0.043841959,-0.03812143,-0.016602164
Aug-73,0.012257411,0.023537076,0.022829776,0.027703361,0.021552478,0.0202502,0.011079652,0.010892869,0.013435263,0.024694012
Sep-73,0.002758897,0.010575065,0.014169773,0.015670845,0.015793067,0.02002454,0.019629193,0.02430808,0.028276261,0.03573483
Oct-73,-0.010793383,-0.014527602,-0.018966313,-0.0186391,-0.016698824,-0.018277929,-0.019815048,-0.016721068,-0.010776117,0.011598779
Nov-73,0.007401827,0.002772497,0.002926094,0.000986866,-0.001429465,-0.0004281,-0.00720756,-0.006655869,-0.000141868,0.016190269
Dec-73,-0.017500365,-0.019996293,-0.019903623,-0.018283831,-0.02358252,-0.023596969,-0.026489343,-0.025494417,-0.018747663,-0.008186297
Jan-74,-0.006064465,-0.001091748,-0.004563178,-0.005549405,-0.005386513,-0.00770791,-0.012279184,-0.013962463,-0.008820728,-0.001003522
Feb-74,-0.006536841,-0.005689445,-0.005839358,-0.005339352,-0.004580771,-0.006235005,-0.005757838,-0.000991538,0.006264408,0.016801057
Mar-74,-0.031744219,-0.03893637,-0.038807664,-0.039034673,-0.04018845,-0.046032837,-0.047650407,-0.047275536,-0.035697628,-0.021001354
Apr-74,-0.027298883,-0.028274964,-0.031332944,-0.03747827,-0.039286902,-0.041205613,-0.049644555,-0.056120201,-0.052604155,-0.06151351
May-74,-0.00044717,-0.000525792,-0.003733509,-0.005527228,-0.007102955,-0.007831492,-0.009371751,-0.011152561,-0.005585108,0.005170809
Jun-74,-0.028893422,-0.039714143,-0.051747533,-0.053171634,-0.05738711,-0.05855115,-0.060482479,-0.061726841,-0.078007281,-0.077282444
Jul-74,-0.018870191,-0.014750265,-0.011206477,-0.011899738,-0.013259503,-0.016928706,-0.019004623,-0.020947068,-0.007469924,-0.00093161
Aug-74,-0.027007681,-0.029106601,-0.026900586,-0.028653184,-0.02975291,-0.031049683,-0.033873835,-0.037137793,-0.055961589,-0.032417946
Sep-74,0.005409647,0.009025421,0.010106389,0.009392418,0.007708265,0.006495589,0.001568457,-0.004579958,0.014285459,0.020505831
Oct-74,0.051890578,0.050883092,0.063464187,0.060737847,0.070289978,0.062140346,0.047951687,0.037539213,0.047158465,0.078476232
Nov-74,0.005132627,-0.007074252,-0.002730336,-0.006977563,-0.008720204,-0.016047412,-0.015122258,-0.010044944,0.019632339,0.021388729
Dec-74,0.002794502,-0.003726086,-0.007853003,-0.007471039,-0.00982767,-0.009331956,-0.011109069,-0.013082976,-0.015943725,-0.005283109
Jan-75,0.021191851,0.038866496,0.05146529,0.055618553,0.05607355,0.071712993,0.070160949,0.072786643,0.095266027,0.128509253
Feb-75,0.007187382,0.00508648,0.007231487,0.011146683,0.012898941,0.019748715,0.022129777,0.020525185,0.027310206,0.015157798
Mar-75,-0.02538851,-0.02990466,-0.03419392,-0.036248896,-0.036340866,-0.039328667,-0.039143039,-0.034961438,-0.023420685,-0.037769693
Apr-75,-0.029767703,-0.026025404,-0.021819174,-0.016934168,-0.019175732,-0.016290612,-0.014123833,-0.01666182,-0.013481667,0.015848431
May-75,0.007029428,0.001031574,0.007023668,0.012477228,0.012729366,0.020936923,0.028524601,0.029813365,0.036558771,0.057756167
Jun-75,0.004419186,0.001186639,0.01004894,0.013210213,0.014037982,0.021740836,0.026829163,0.0316929,0.044338781,0.079032923
Jul-75,-0.024348887,-0.018763755,-0.015253132,-0.012114094,-0.010181122,-0.010371191,-0.005815287,-0.005183367,-0.00230923,0.012557697
Aug-75,-0.015549531,-0.016929275,-0.006622049,-0.011347944,-0.01143166,-0.014078277,-0.019114008,-0.024864207,-0.023444933,-0.025357285
Sep-75,-0.03421515,-0.033535265,-0.03678981,-0.040110924,-0.038071992,-0.031751511,-0.021995369,-0.017134886,-0.017415209,0.006313559
Oct-75,0.014163529,0.027802951,0.027439215,0.032123907,0.037454329,0.039386677,0.040896824,0.03431213,0.033962564,0.048043422
Nov-75,-0.018686389,-0.020236872,-0.02068488,-0.017482858,-0.014771972,-0.012133767,-0.006332101,-0.000279993,0.006706468,0.06979101
Dec-75,0.007815829,0.016068053,0.016408067,0.022618771,0.019869343,0.027408453,0.027913692,0.022957113,0.024047311,0.029004494
Jan-76,0.000872239,0.00401079,0.010665508,0.018101409,0.026744895,0.034855578,0.03360935,0.034648304,0.042912408,0.036621306
Feb-76,-0.011178573,-0.007735633,-0.006285739,-0.001004398,0.00263765,0.007954754,0.010267373,0.013349704,0.016247483,0.045997303
Mar-76,-0.00269624,-0.005298664,-0.003976849,0.001197632,0.001337131,0.004204817,0.007497166,0.008466963,0.010149111,0.028194547
Apr-76,-0.007557164,-0.006774394,-0.006599757,-0.005272886,-0.002960473,0.000543034,0.003578175,0.006732402,0.011669609,0.034408278
May-76,-0.02568019,-0.023996655,-0.022809685,-0.020184162,-0.017676517,-0.014524793,-0.012806732,-0.014434044,-0.011713306,0.01273741
Jun-76,-0.002842678,-9.16E-05,-0.001585443,0.000604028,0.00373886,0.006044482,0.008316212,0.008770862,0.010484907,0.026182654
Jul-76,0.001042595,-0.004318021,-0.002725295,0.001470163,0.005280564,0.008570037,0.009852619,0.008796292,0.01130726,0.028979678
Aug-76,0.00014833,0.002703767,0.007101377,0.010807406,0.013622043,0.016470692,0.018590593,0.019850784,0.022586811,0.02770361
Sep-76,0.000771539,0.001401645,0.001136908,0.005715197,0.010470987,0.009522802,0.014710095,0.018636183,0.018327813,0.027010531
Oct-76,0.001021018,0.002389513,0.002243551,0.002434936,0.002772879,0.004920699,0.005669931,0.007134137,0.009548493,0.024170601
Nov-76,0.017104143,0.01830632,0.014681343,0.014514075,0.016921564,0.018237866,0.01796398,0.017248858,0.018097107,0.024965246
Dec-76,0.020666377,0.02186103,0.023085769,0.021414105,0.021773119,0.021549998,0.022685596,0.020004074,0.019820059,0.076388709
Jan-77,-0.032708256,-0.034267596,-0.03500072,-0.033793816,-0.030131988,-0.023630309,-0.017288887,-0.012618948,-0.002836639,0.015807607
Feb-77,-0.006812127,-0.009327575,-0.010017737,-0.005793632,-0.003498659,-0.001718761,0.00226148,0.006420359,0.009478145,0.016517592
Mar-77,-0.0023683,1.33E-05,-0.001981862,-0.000859875,0.001293182,0.002390095,0.00422614,0.003284164,0.005760203,0.013377417
Apr-77,-0.000887775,0.000123936,-0.000373567,0.002328817,0.004909112,0.006089774,0.006540004,0.007574992,0.011418872,0.017088012
May-77,-0.006019894,-0.004435554,-0.004343337,-0.001186619,0.0025573,0.003164632,0.005239446,0.006635564,0.009625187,0.016584123
Jun-77,0.001068412,0.002486909,0.001236861,0.005460515,0.009572428,0.011527674,0.013875495,0.017490537,0.021015182,0.032771651
Jul-77,-0.015781826,-0.01322479,-0.009107006,-0.005538023,-0.001671915,0.001618014,0.003232099,0.005948622,0.009170819,0.014737079
Aug-77,-0.009190643,-0.006985912,-0.006646934,-0.002741356,0.001922592,0.002726371,0.005078761,0.007278717,0.009872164,0.013037473
Sep-77,-0.01254444,-0.011353273,-0.014235151,-0.012368951,-0.010357488,-0.008812625,-0.005612241,-0.003608088,0.002955619,0.008558101
Oct-77,-0.021192315,-0.018540154,-0.022091069,-0.018989166,-0.014172393,-0.010939672,-0.009298619,-0.007443785,-0.001570092,0.011871128
Nov-77,-0.006600084,-0.005774204,-0.008013804,-0.005845923,-0.002028099,0.001079011,0.003050295,0.004621137,0.009957076,0.021104696
Dec-77,-0.01799914,-0.016660187,-0.019819552,-0.017259263,-0.014741534,-0.013696994,-0.012627041,-0.009928588,-0.004657748,0.009681487
Jan-78,-0.022966491,-0.01999685,-0.022931293,-0.019550566,-0.015849017,-0.013223856,-0.010007024,-0.005880018,-0.001140529,0.013292138
Feb-78,-0.018507507,-0.012175521,-0.010786005,-0.00756976,-0.005567353,-0.00151696,0.000330901,0.003146765,0.005561579,0.0158915
Mar-78,-0.017551899,-0.011922528,-0.014330192,-0.01008319,-0.007092451,-0.005957592,-0.005081958,-0.00208649,0.001123616,0.01614833
Apr-78,-0.018855672,-0.015130548,-0.015695601,-0.013702877,-0.009497304,-0.009423182,-0.009537603,-0.007608602,-0.002430145,0.008182489
May-78,-0.026297448,-0.024234861,-0.025366048,-0.023469354,-0.019271828,-0.018254317,-0.016787403,-0.012676031,-0.008424968,-0.004206082
Jun-78,-0.018920024,-0.019036185,-0.015159571,-0.009859954,-0.007979892,-0.004599263,-0.000612247,0.001960996,0.004312764,0.029983581
Jul-78,-0.023118542,-0.016761804,-0.008502306,-0.005363885,-0.001085051,0.003141863,0.004821065,0.007833171,0.010881816,0.02195373
Aug-78,-0.020485285,-0.008874405,9.89E-05,0.005379968,0.009206639,0.013821969,0.017863318,0.020701128,0.018894377,0.028077014
Sep-78,-0.02982921,-0.026034874,-0.021306101,-0.01810189,-0.014332187,-0.011965804,-0.008898228,-0.005651169,-0.001286845,0.012866719
Oct-78,-0.041528613,-0.038731899,-0.034252368,-0.032913268,-0.03201462,-0.029815011,-0.029111842,-0.026894667,-0.023832183,-0.036154915
Nov-78,-0.030842282,-0.014160501,-0.013588509,-0.007053151,-0.002904145,0.000828094,0.001260802,-4.97E-05,0.002080543,0.008752629
Dec-78,-0.039190769,-0.032427859,-0.030611371,-0.028945735,-0.026274306,-0.026656258,-0.025927222,-0.02318978,-0.022035804,-0.002372836
Jan-79,-0.02401218,-0.007305683,-0.002185391,-0.00156052,0.003548175,0.006114846,0.010188356,0.012326108,0.012254319,0.034029967
Feb-79,-0.031251298,-0.025918951,-0.023788762,-0.024866373,-0.023292146,-0.020750608,-0.017925216,-0.016334816,-0.015959898,-0.002076828
Mar-79,-0.026858691,-0.013015363,-0.009257032,-0.007518005,-0.003505133,-0.000693985,0.002309768,0.003324775,0.002977309,0.012015482
Apr-79,-0.02695066,-0.020978572,-0.01911203,-0.017926,-0.01690741,-0.016583127,-0.015979743,-0.014374905,-0.013673098,-0.003623144
May-79,-0.018099441,-0.005644462,-0.00043893,0.002695262,0.004584418,0.00724558,0.01108946,0.014225423,0.013108597,0.015912531
Jun-79,-0.010864434,-0.000455818,0.004071172,0.006505409,0.010153123,0.012610344,0.014985047,0.017226077,0.015337103,0.019733614
Jul-79,-0.026911555,-0.016962795,-0.017105011,-0.014592153,-0.01006808,-0.007102456,-0.003768491,0.000593981,0.005224181,0.009754404
Aug-79,-0.030686901,-0.022162811,-0.020075999,-0.016669884,-0.013343429,-0.00999142,-0.006821628,-0.004876663,-0.00461458,0.012989185
Sep-79,-0.043682401,-0.029722598,-0.031938692,-0.033345285,-0.034313802,-0.032417872,-0.033340399,-0.034867739,-0.035069122,-0.033575265
Oct-79,-0.093311909,-0.097514959,-0.095310663,-0.094523369,-0.098486605,-0.095304595,-0.093099121,-0.094997858,-0.097763853,-0.089929028
Nov-79,-0.021020136,-0.005795534,-0.000875476,0.000674215,0.00465638,0.003833663,0.007893011,0.013747139,0.016059336,0.02589006
Dec-79,-0.026461071,-0.025163085,-0.026219293,-0.022506718,-0.018587827,-0.019128267,-0.015150916,-0.010515899,-0.011540499,0.00600665
Jan-80,-0.054916127,-0.061568918,-0.063045557,-0.06164223,-0.059365168,-0.055406004,-0.054296539,-0.052428772,-0.051226261,-0.011064137
Feb-80,-0.092719065,-0.098303069,-0.09891711,-0.097084731,-0.095509382,-0.090304993,-0.089557582,-0.08953106,-0.089432477,-0.087755294
Mar-80,-0.059723506,-0.040068807,-0.041492337,-0.034851708,-0.031015096,-0.026114313,-0.022665557,-0.026010961,-0.03123731,-0.027270281
Apr-80,0.02967266,0.069697859,0.079805377,0.089062036,0.10210376,0.101517145,0.110107746,0.11069666,0.112916537,0.076994676
May-80,0.028101387,0.040281048,0.041616696,0.04853043,0.049611357,0.052865259,0.046019883,0.047629729,0.040540442,0.050841731
Jun-80,0.004966524,0.013803504,0.011556871,0.014847691,0.014548087,0.01551005,0.019777194,0.015847853,0.013922115,0.037862058
Jul-80,-0.026001679,-0.026264197,-0.036614368,-0.038609933,-0.035151171,-0.033056861,-0.031503898,-0.032886736,-0.037747852,-0.019007352
Aug-80,-0.060452716,-0.065239223,-0.064267271,-0.060917747,-0.057150546,-0.054151614,-0.048647261,-0.041657562,-0.024058577,-0.017716416
Sep-80,-0.051716942,-0.04497759,-0.037434864,-0.036887016,-0.041696184,-0.036519003,-0.030716325,-0.027369798,-0.020796539,-0.004178874
Oct-80,-0.060312845,-0.044623205,-0.03191795,-0.027390076,-0.022423065,-0.016898916,-0.014997884,-0.013718748,-0.010148883,0.006163575
Nov-80,-0.066355262,-0.047984924,-0.038024229,-0.033092092,-0.026609862,-0.022799836,-0.015683753,-0.014127025,-0.012607531,-0.009216618
Dec-80,-0.052123067,-0.020637677,-0.013484288,-0.011675714,0.003012684,0.009857815,0.011722772,0.012618032,0.010557143,-0.001451309
Jan-81,-0.056737508,-0.04262815,-0.036689707,-0.031652294,-0.02285647,-0.015284216,-0.00892391,-0.005580035,-0.001114079,0.01364981
Feb-81,-0.068223497,-0.062055974,-0.059285861,-0.053588271,-0.047613445,-0.041533058,-0.038792101,-0.035325271,-0.031817848,-0.013578416
Mar-81,-0.041897213,-0.023823424,-0.024593492,-0.016270878,-0.003204207,0.004727759,0.009697281,0.011089288,0.01632041,0.015851564
Apr-81,-0.080488298,-0.08309212,-0.078198733,-0.08085057,-0.077227743,-0.072897129,-0.070325711,-0.070603383,-0.060572811,-0.032203572
May-81,-0.060843564,-0.019559358,-0.014281858,-0.004998055,0.009723331,0.024191648,0.033339992,0.033130129,0.035376033,0.02652525
Jun-81,-0.063040026,-0.043221432,-0.033508442,-0.030175302,-0.022706003,-0.014588305,-0.011728777,-0.012013294,-0.006648168,0.008625901
Jul-81,-0.087280415,-0.069985885,-0.056434814,-0.048434446,-0.044307321,-0.038346229,-0.034697769,-0.031355663,-0.024885531,-0.020908475
Aug-81,-0.090479664,-0.085526802,-0.069684927,-0.063283053,-0.055273739,-0.048145866,-0.043977761,-0.043493636,-0.037149284,-0.022578155
Sep-81,-0.083483976,-0.066803591,-0.05193396,-0.045208133,-0.037636134,-0.032614861,-0.029773252,-0.02636442,-0.023486268,-0.026008507
Oct-81,-0.026806357,-0.018097324,-0.007367846,0.015512279,0.043227744,0.03801984,0.037745986,0.045726827,0.045864925,0.03436482
Nov-81,0.046465598,0.062159119,0.058120339,0.074921172,0.080462592,0.083882999,0.078124496,0.080862987,0.075563195,0.05882146
Dec-81,-0.07649724,-0.080270595,-0.072807554,-0.066426734,-0.071664965,-0.069441701,-0.064465821,-0.058903584,-0.048741452,-0.026033784
Jan-82,-0.056754771,-0.048214007,-0.038730453,-0.026685577,-0.016333448,-0.014044451,-0.008526482,-0.004785655,-0.001722364,0.002193761
Feb-82,-0.041275969,-0.032364597,-0.02194279,-0.012835388,-0.000202325,0.007223295,0.007129477,0.009284119,0.008905472,0.009837392
Mar-82,-0.051215375,-0.036391097,-0.021798499,-0.013013445,-0.002800861,0.002914371,0.008130333,0.01142483,0.013525619,0.008879442
Apr-82,-0.035224233,-0.018856711,-0.010677333,0.003010175,0.01383534,0.022831398,0.028866256,0.032103605,0.036718687,0.037965898
May-82,-0.045127472,-0.028406105,-0.018687202,-0.012019893,0.000974591,0.006335999,0.009201766,0.012148559,0.017632706,0.030899104
Jun-82,-0.077963303,-0.07074658,-0.065286426,-0.050868119,-0.045586866,-0.041525685,-0.039834149,-0.040459342,-0.027729708,-0.012691001
Jul-82,-0.002645771,-0.003767692,-0.00257604,0.006976583,0.020913371,0.028274991,0.031449978,0.031288871,0.031751445,0.0306407
Aug-82,0.018018793,0.035801348,0.036863776,0.042474235,0.049798758,0.053461632,0.053715971,0.054844636,0.058315224,0.050397399
Sep-82,-0.001802438,0.007077791,0.014628637,0.035424664,0.038084304,0.041818501,0.035285685,0.035955853,0.037415284,0.027652142
Oct-82,0.032400476,0.04253219,0.053892369,0.058061383,0.055394167,0.059841308,0.058262608,0.06002858,0.05304725,0.056894544
Nov-82,-0.01289991,-0.012509413,-0.008937062,-0.003166228,7.96E-05,0.009138468,0.014089675,0.011652735,0.030261848,0.047977151
Dec-82,-0.002251992,0.000400333,-0.002446394,0.006769199,0.011077485,0.012053515,0.015029493,0.021158412,0.027682799,0.038326778
Jan-83,-0.017524493,-0.012495753,-0.019214332,-0.013963511,-0.011839647,-0.004302834,0.000210241,0.008846576,0.018922129,0.049166022
Feb-83,0.008054631,0.011706894,0.012536227,0.024473901,0.024542938,0.023297247,0.025344205,0.025688206,0.027388712,0.040415013
Mar-83,-0.019913113,-0.014948377,-0.006050438,-0.002126807,-0.000503561,0.002252374,0.009980072,0.016113877,0.023879917,0.029563218
Apr-83,-0.007132784,0.012576907,0.024660527,0.027501715,0.031783163,0.035778713,0.037793732,0.032866956,0.035889845,0.041908591
May-83,-0.046840491,-0.036373567,-0.031649336,-0.033602478,-0.031246976,-0.034097751,-0.034088349,-0.023046618,-0.0156513,-0.003363519
Jun-83,-0.037750742,-0.024191789,-0.020192483,-0.018911267,-0.016197665,-0.012921453,-0.010343892,-0.007037892,0.000934785,0.009181166
Jul-83,-0.060613745,-0.038908512,-0.040801699,-0.046475506,-0.044660529,-0.04849016,-0.047403827,-0.04222635,-0.026496802,-0.000934682
Aug-83,-0.039262824,-0.027018867,-0.016167665,-0.014177439,-0.012463008,-0.015106934,-0.009915053,-0.003304602,0.002580417,0.01307996
Sep-83,-0.0131215,0.004277892,0.007805707,0.015553,0.020711367,0.021888418,0.026497148,0.028506003,0.025293924,0.024696592
Oct-83,-0.037536824,-0.018808208,-0.017049379,-0.016710009,-0.01660444,-0.016240519,-0.017246225,-0.014843959,-0.003361407,0.015471809
Nov-83,-0.01530039,-0.014487849,-0.007574375,-0.004619736,-0.004336227,-0.002657595,0.000111189,0.001360929,0.000799291,0.007072378
Dec-83,-0.03307861,-0.02184035,-0.020462547,-0.019980792,-0.015843662,-0.017278891,-0.016671007,-0.020132676,-0.019925917,-0.008178358
Jan-84,0.020715711,-0.004190716,0.002320224,0.003623978,0.011170429,0.010939307,0.01539689,0.024136594,0.027874424,0.01902083
Feb-84,-0.04722339,-0.036856593,-0.024405879,-0.026325499,-0.027968273,-0.02854405,-0.025210405,-0.020443788,-0.011713772,0.009120969
Mar-84,-0.060153478,-0.04576288,-0.031330552,-0.030935485,-0.029834911,-0.028947822,-0.026352249,-0.023935942,-0.02538688,-0.011061141
Apr-84,-0.040492453,-0.036659987,-0.025265141,-0.034146562,-0.031703527,-0.027550674,-0.025665379,-0.021458891,-0.017449638,-0.017745762
May-84,-0.08474973,-0.077406885,-0.059925597,-0.056227631,-0.060125705,-0.052526308,-0.056344454,-0.052182444,-0.043677759,-0.038409564
Jun-84,-0.042856603,-0.028302427,-0.016121364,-0.013202537,-0.007080773,-0.006857111,0.001378233,0.001213425,0.00555967,-0.01802402
Jul-84,-0.014274798,0.004566715,0.019650619,0.030962884,0.033822588,0.034609598,0.026766648,0.02588986,0.032936919,0.011988495
Aug-84,-0.02581302,-0.014310696,-0.001798107,0.002520538,0.00330927,0.006345646,0.006960825,0.010159915,0.017112672,0.007501913
Sep-84,-0.026364053,-0.007169519,0.003570216,0.00451902,0.01024737,0.010933557,0.015674751,0.02026473,0.030991473,0.030947357
Oct-84,-0.016000388,0.013113252,0.020480784,0.029607156,0.03574648,0.034889323,0.037010194,0.037656844,0.039989011,0.037112905
Nov-84,-0.012650441,-0.000310541,0.002105482,0.002072949,0.000877984,-0.00075642,0.004423526,0.008936776,0.01482122,0.025369223
Dec-84,-0.00843999,0.002383511,0.001267527,0.00849411,0.008672175,0.005864783,-0.006634455,-0.000787592,0.004373664,0.010201438
Jan-85,0.000884506,0.003434518,0.013017154,0.01926805,0.014450593,0.017428806,0.017971347,0.01885387,0.022512533,0.016998082
Feb-85,-0.037954727,-0.050955009,-0.041770582,-0.041934973,-0.044188768,-0.047203831,-0.044876386,-0.026744218,-0.012270098,0.003019717
Mar-85,-0.017367375,-0.008515968,-0.005264827,-6.09E-05,-0.002258038,0.001322053,0.006347183,0.009293102,0.016593636,0.023367379
Apr-85,-0.008422455,-0.003093024,-0.002925371,0.007712029,0.00643662,0.009973233,0.014905256,0.010166612,-0.006603429,0.007137894
May-85,0.020807013,0.045893078,0.048044288,0.05385123,0.055862457,0.058433745,0.064028426,0.045931082,0.039426165,0.032953704
Jun-85,-0.010003703,-0.002397341,-0.00600071,-0.007019937,-0.001378823,-0.00608718,0.002884177,0.008844167,0.021471129,0.035918533
Jul-85,-0.02921968,-0.023598243,-0.021602497,-0.020626259,-0.023716981,-0.021002082,-0.021479098,-0.003141396,0.008217638,0.029999701
Aug-85,-0.005836406,0.004741929,0.009093394,0.014693645,0.011050176,0.007428998,0.010697904,0.005451375,0.016634024,0.0262948
Sep-85,-0.023246793,-0.020887964,-0.019501429,-0.018522088,-0.020055226,-0.015917181,-0.007328751,-0.008971693,0.005562179,0.029014674
Oct-85,-0.008316786,0.004309401,0.004663416,0.009527822,0.008891138,0.010246025,0.016443908,0.011107421,0.014014065,0.029248801
Nov-85,-0.0066616,0.011043406,0.014855621,0.015492244,0.021213879,0.020469011,0.02111679,0.021199886,0.015031299,0.035046261
Dec-85,0.012305053,0.021018737,0.024137131,0.029232322,0.032797401,0.03006661,0.034467902,0.02361634,0.021638551,0.047373891
Jan-86,-0.010115807,-0.01336265,-0.006467797,-0.00783722,-0.001134595,0.00082063,0.006741808,0.011493727,0.019915052,0.023882543
Feb-86,0.045322723,0.048438924,0.048160829,0.047074868,0.045449083,0.046933666,0.041899195,0.03806784,0.038533459,0.054001066
Mar-86,0.063138206,0.028416218,0.023252933,0.022883936,0.023929744,0.026762845,0.03116451,0.029438407,0.045482585,0.057870295
Apr-86,0.002920708,-0.011148442,-0.009650965,-0.004189264,5.88E-05,0.005568112,0.017974805,0.014303645,0.028218957,0.053507325
May-86,-0.025994692,-0.039929545,-0.037800842,-0.029862722,-0.02097583,-0.018163,-0.003999679,0.003053262,0.020327698,0.026711925
Jun-86,0.006215421,0.011032977,0.015646144,0.017821515,0.020091803,0.026517914,0.028675944,0.022944091,0.034443868,0.053609984
Jul-86,0.008448463,2.12E-05,-0.011567483,-0.001635473,0.006508057,0.012042707,0.019363124,0.022222703,0.031801392,0.032237866
Aug-86,0.023775616,0.022685467,0.021444837,0.025349082,0.024988857,0.028884742,0.032239262,0.026186469,0.026711617,0.051608114
Sep-86,-0.0105598,-0.021517543,-0.025841585,0.002660678,0.013003102,0.002386346,0.009386921,0.046932777,0.030998299,0.03878056
Oct-86,0.011456259,0.013418773,0.010534999,0.015826931,0.020675583,0.021399274,0.021492685,0.035529148,0.030559109,0.052512269
Nov-86,0.001787486,0.008579616,0.009037915,0.014018355,0.022639443,0.02436531,0.030739993,0.032237018,0.035237152,0.028761284
Dec-86,0.003619324,-0.000535586,-0.004790473,0.004041875,0.013552674,0.014173369,0.020584654,0.064578303,0.033807635,0.058830005
Jan-87,0.006581238,0.010870129,0.016412537,0.01891178,0.021715905,0.030793116,0.036055322,0.050285024,0.039350733,0.050877859
Feb-87,-0.003160982,-0.002316992,-0.004291231,-0.000617867,0.00512254,0.008949179,0.017024333,0.021234679,0.031851171,0.048735869
Mar-87,-0.010518345,-0.013015479,-0.020150559,-0.010834885,-0.010193345,-0.006044751,0.003172308,0.012053155,0.019806626,0.052944467
Apr-87,-0.033640767,-0.057196683,-0.049272706,-0.043747118,-0.042142411,-0.045245244,-0.039167318,-0.017510706,-0.001244295,0.032905604
May-87,-0.021741133,-0.032684425,-0.020866549,-0.013502175,-0.012415284,0.00402868,0.032013589,0.020488986,0.006948192,0.041935244
Jun-87,0.034201265,-0.003348333,-0.000765166,0.004426672,0.009640527,0.013407751,0.015460222,0.019809382,0.00946114,0.018317341
Jul-87,-0.00497481,-0.012810331,-0.023903327,-0.012169874,-0.009193637,-0.013653257,-0.004144947,0.050558247,0.012818595,0.022651692
Aug-87,-0.00917166,-0.018515648,-0.025517842,-0.01673545,-0.016593349,-0.01129794,-0.005273398,0.001364594,0.006972628,0.010749102
Sep-87,0.111832109,-0.046463032,-0.037451635,-0.017123497,-0.047082732,-0.041505191,-0.039037625,-0.034676121,-0.020720919,0.001083138
Oct-87,-0.049514012,0.005955117,0.014210777,0.019285937,0.025875092,0.024721146,0.012625576,0.013706392,-0.01896017,0.00211729
Nov-87,-0.000114444,-0.015026192,-0.004329609,0.001457475,0.006202959,0.008421587,0.010661134,0.016927693,0.011603289,0.03368161
Dec-87,0.029035867,-0.002650071,0.006978303,0.011897639,0.015987289,0.016678168,0.020321173,0.022400297,0.026637455,-0.069093538
Jan-88,0.020553408,0.025761735,0.032647151,0.032381154,0.032523789,0.038576446,0.043699233,0.03969463,0.04345544,0.068210604
Feb-88,-0.000247413,-0.001083875,0.007983873,0.008247463,0.009274555,0.009747166,0.011874348,0.017406052,0.027881024,0.076115186
Mar-88,-0.020143292,-0.026225525,-0.026104985,-0.015684454,-0.019724113,-0.021096151,-0.01853055,-0.005334121,0.009551834,0.056335303
Apr-88,0.000798536,-0.014690749,-0.020843205,-0.013965492,-0.017094306,-0.020533202,-0.01642241,-0.005010476,0.008874677,0.060386735
May-88,-0.006823346,-0.026566144,-0.023097064,-0.015255488,-0.015785583,-0.019372167,-0.011896973,-0.000835088,0.011432734,-0.127635013
Jun-88,0.017229086,0.003871307,0.013336957,0.017777665,0.019417291,0.020540735,0.024044526,0.030289052,0.047645201,0.10338539
Jul-88,-0.011073833,-0.023327934,-0.021988608,-0.010245874,-0.013223622,-0.015233066,-0.011165907,0.002656331,0.016239407,0.043400069
Aug-88,-0.000412293,-0.022622904,-0.005041229,-0.004933321,-0.00771375,-0.007386743,0.00068653,0.008448168,0.024753403,-0.233397275
Sep-88,0.008804521,0.001776382,0.013654261,0.012861088,0.014597938,0.017082021,0.021656685,0.02573846,0.029677441,0.141178407
Oct-88,0.05930355,0.01278817,0.013505904,0.01026398,0.017945785,0.017482874,0.024234446,0.045759188,0.043049871,0.122110305
Nov-88,0.018127818,-0.029646379,-0.014919077,-0.013347913,-0.01674712,-0.01268338,-0.00495566,0.026964874,0.03756754,0.102341166
Dec-88,0.103065628,0.004950235,0.007362182,-0.000136843,0.001918544,0.012373391,0.020608704,0.034529738,0.040553679,0.04831793
Jan-89,0.011376922,-0.010187563,-0.009999604,-0.003783749,0.0037173,0.009626016,0.014780047,0.016651509,0.026979184,0.10889604
Feb-89,-0.016799892,-0.024659652,-0.034750218,-0.019605786,-0.017387498,-0.012890264,-0.00835982,-0.000337515,0.011432895,0.082708446
Mar-89,0.000679651,-0.026710031,-0.019511225,-0.012786091,-0.008691829,-0.005271346,-0.002412439,0.00516491,0.017271649,0.100837115
Apr-89,0.026840599,-0.003517816,-0.001726061,0.003187895,0.013372601,0.020179212,0.018965849,0.023594131,0.022473488,0.052188653
May-89,0.013614085,0.003309318,0.008211797,0.012331884,0.015095219,0.021630942,0.025845952,0.032245874,0.03728882,0.056862619
Jun-89,0.032530788,0.017094298,0.01269296,0.017797604,0.027437286,0.028592393,0.034209267,0.038193296,0.040453274,0.046090145
Jul-89,0.041548356,0.009586564,0.005556189,0.012400858,0.018790427,0.020455258,0.02459987,0.034431859,-0.165497356,-0.309570963
Aug-89,-0.011600618,-0.020510038,-0.029313522,-0.029165026,-0.020313117,-0.01668337,-0.006929206,-0.002362384,0.014775669,0.056971076
Sep-89,0.009886484,-0.011750022,-0.013094841,-0.005043053,-0.001176932,0.000855023,0.006640671,0.009366123,0.021368343,0.043945895
Oct-89,0.037085458,0.004706055,0.01281535,0.0187686,0.02039898,0.020235445,0.024538151,0.02875667,0.032051212,0.051052181
Nov-89,0.02914153,-0.016069229,-0.008909675,0.001864798,0.003493701,0.007142087,0.010374136,0.01362072,0.023154438,0.06034133
Dec-89,0.023227818,-0.020531455,-0.014460981,-0.004690369,-0.00067888,-0.002281835,0.005104879,0.009614603,0.019810925,0.068369906
Jan-90,0.021661242,-0.040749056,-0.043333455,-0.024757206,-0.018135018,-0.022474759,-0.016418642,-0.006398493,0.00862703,0.050887952
Feb-90,0.026462821,-0.024702521,-0.022802895,-0.005356843,-0.001332928,-0.003640901,-0.000231136,0.007738016,0.015567852,0.055124969
Mar-90,0.030506346,-0.030502555,-0.040654946,-0.019168796,-0.005449763,-0.005373557,-0.004189876,0.005254831,0.015473868,0.06678978
Apr-90,0.015204162,-0.037363587,-0.0601297,-0.039769035,-0.018100742,-0.018272507,-0.017343987,-0.002443502,0.04510447,0.118573061
May-90,0.092855261,-0.004258837,0.003004218,0.018241287,0.022729252,0.027123615,0.04235115,0.055645149,0.05737682,0.050346988
Jun-90,0.012477008,-0.012913244,-0.016987213,0.001267341,0.009893592,0.012881585,0.014067836,0.020626328,0.025282438,0.056081568
Jul-90,0.010442321,-0.017442441,-0.012781342,-0.013913856,0.002253424,0.003232439,0.007861122,0.01045429,0.016684257,0.053915322
Aug-90,-0.008182892,-0.039331233,-0.037035028,-0.058160642,-0.031764724,-0.028328215,-0.025697798,-0.021628185,-0.014823537,0.01463971
Sep-90,0.00956917,-0.017332863,-0.021115753,-0.017598993,-0.000442248,0.003115316,0.00368042,0.006360313,0.014344384,-0.000838957
Oct-90,0.010482311,-0.018150742,-0.015711443,-0.001834605,0.003495396,0.007501075,0.005787366,0.004710044,0.00660422,0.017201416
Nov-90,0.04160563,-0.004787814,0.007194618,0.01652157,0.020777815,0.02366904,0.02065635,0.022659985,0.023157583,0.076291541
Dec-90,0.026175381,-0.017664511,-0.012583507,0.0047104,0.011466719,0.012441943,0.017576595,0.022131564,0.0293291,0.0705064
Jan-91,0.044256713,-0.017443631,-0.01503546,0.006218802,0.012403064,0.017674339,0.016560315,0.01854232,0.011536289,0.052137081
Feb-91,0.058959322,-0.01124058,-0.013020433,-0.007689751,0.012706079,0.01779886,0.022535221,0.030222688,0.046741557,0.125081687
Mar-91,0.059468712,-0.016351102,-0.017836738,-0.018661013,0.00287679,0.012205648,0.012239933,0.019379393,0.030121871,0.104922036
Apr-91,0.056716773,-0.015016642,-0.01154448,-0.011081982,0.00455414,0.01240355,0.013699662,0.019840414,0.025578047,0.084960758
May-91,0.067380018,-0.018374646,-0.019994644,-0.020557098,-0.002180509,0.006598022,0.005810738,0.014916545,0.024439801,0.060687917
Jun-91,0.032321592,-0.02620384,-0.026831614,-0.031164558,-0.011443835,-3.09E-05,0.000861719,0.003686451,0.013119669,0.050521857
Jul-91,0.080382063,-0.006291887,-0.007700109,-0.006805746,0.001663182,0.011927025,0.015868875,0.018928998,0.023281443,0.057505102
Aug-91,0.097433586,0.006448786,0.009015814,0.010349312,0.01776214,0.024036611,0.024895678,0.026716366,0.028905963,0.061687222
Sep-91,0.089449964,0.007002385,0.00707873,0.012125842,0.016165417,0.023185212,0.023397773,0.027416665,0.030510396,0.05401451
Oct-91,0.090740682,0.003805805,-0.007173696,-0.008077487,-0.003011537,0.003232776,0.011924597,0.016912686,0.018804859,0.058374623
Nov-91,0.089312968,0.007192545,-0.002366751,-0.004962072,-0.003042754,0.00417794,0.013601782,0.018249262,0.025411932,0.053373996
Dec-91,0.100138941,0.026648705,0.028234531,0.03308003,0.039019408,0.038893692,0.039567506,0.037181008,0.037508049,0.062483499
Jan-92,0.087482136,-0.01153714,-0.032968809,-0.033803887,-0.03153491,-0.017430239,-0.001850434,0.008583638,0.019914215,0.063028646
Feb-92,0.084829255,0.004055328,-0.004188755,-0.00934068,-0.000295045,0.00975492,0.01399182,0.021909649,0.026100214,0.057159853
Mar-92,0.090269232,-0.009977879,-0.024131174,-0.02187886,-0.020063233,-0.006107093,-0.000979981,0.008705139,0.01647142,0.050651962
Apr-92,0.084217599,0.006324908,-0.004441235,-0.009716285,-0.007838906,-0.006144636,0.009480173,0.018469454,0.022771806,0.051095767
May-92,0.087712903,0.01418632,0.013671891,0.015119455,0.013288857,0.014133141,0.023672006,0.030118698,0.028897513,0.051881471
Jun-92,0.089160956,0.016179058,0.014015059,0.015093138,0.006710009,0.004347506,0.002224277,0.019960337,0.026792516,0.05543337
Jul-92,0.091458674,0.023860229,0.022635893,0.025649374,0.025219517,0.027766893,0.029869503,0.034944005,0.033832081,0.05863404
Aug-92,0.113758366,0.013265054,0.010349873,0.008761176,0.002522499,-3.90E-05,0.004661961,0.016689556,0.025595137,0.058832238
Sep-92,0.056438538,0.020364188,0.019246366,0.018240621,0.012642243,0.007631358,0.0140262,0.023037954,0.037320499,0.054752201
Oct-92,0.0399477,-0.007849015,-0.020561328,-0.018607336,-0.02510531,-0.020208292,-0.001164433,0.010049837,0.029153705,0.053739743
Nov-92,0.007460169,-0.006961771,-0.010960554,-0.006324725,-0.004382505,0.001614445,0.011003573,0.018159684,0.029859353,0.060674217
Dec-92,0.049457763,0.011475729,0.012284649,0.014162402,0.01552129,0.018744722,0.025195213,0.027309103,0.031869233,0.055227186
Jan-93,0.071465575,0.015211872,0.024268054,0.022949473,0.020337557,0.018112415,0.026181373,0.029186217,0.037037524,0.065027887
Feb-93,0.071346569,0.014941045,0.024692268,0.02528836,0.026493805,0.024024375,0.0296145,0.028493669,0.036679526,0.060295414
Mar-93,0.076079672,0.005823361,0.006967005,0.008390301,0.004271932,-0.003201415,0.01056778,0.021655998,0.032854515,0.054130694
Apr-93,0.036390285,0.01047675,0.013108916,0.013190843,0.007058634,0.001394767,0.010805401,0.023007689,0.03271772,0.056716205
May-93,0.089708297,-0.005766283,-0.001982228,0.003708557,0.003093676,-0.001571019,0.008940691,0.017388735,0.030052319,0.053989034
Jun-93,0.1016595,0.009060477,0.023077774,0.028536981,0.031159929,0.029847364,0.029449098,0.028951744,0.034314689,0.05365442
Jul-93,0.059935839,-2.23E-05,0.00369096,0.009967811,0.010017364,0.013449725,0.019564108,0.022948845,0.030255202,0.051328779
Aug-93,0.048264468,0.013159956,0.024489126,0.029381055,0.029905455,0.030789126,0.032418114,0.028016305,0.031424753,0.049601466
Sep-93,0.059589297,0.000936292,0.01273787,0.013206973,0.011856574,0.0029333,0.004810602,0.021428723,0.032696818,0.045721774
Oct-93,0.059484575,0.005428939,0.00217109,0.005463227,0.00245074,0.010480586,0.015355905,0.02159051,0.031836998,0.052368135
Nov-93,0.036316154,-0.004245115,-0.01568226,-0.019250273,-0.026585765,-0.01798513,-0.006409521,0.003869619,0.022319622,0.001220853
Dec-93,0.053152856,0.003458908,0.006198466,0.00010597,-0.00089005,0.001749407,0.012237224,0.015983529,0.027028005,0.049859703
Jan-94,0.058060694,0.006268024,0.014051686,0.014307733,0.015248632,0.01844815,0.025914762,0.025728641,0.033031078,0.054533627
Feb-94,0.045898722,-0.016176452,-0.024578067,-0.029745769,-0.035972719,-0.039287153,-0.023315075,-0.007515933,0.01406154,0.040425743
Mar-94,0.030690719,-0.021962239,-0.04038403,-0.042577277,-0.049271609,-0.046246887,-0.031953934,-0.025754622,-0.004356019,0.013686371
Apr-94,0.029461428,-0.027476645,-0.031301679,-0.022641892,-0.024800639,-0.010746445,-0.004973821,-0.004686451,0.006422899,0.025887974
May-94,0.054783673,-0.021483962,-0.024832788,-0.019170437,-0.024332303,-0.013066534,-0.002131024,-0.003396187,0.007376648,0.029927368
Jun-94,0.009592763,-0.019778858,-0.027247748,-0.019960928,-0.025776849,-0.006886266,-0.002333324,-0.000128176,0.011321045,0.030238772
Jul-94,0.019553259,-0.00821638,-0.000166292,0.006579954,0.007837055,0.017838687,0.021425979,0.027632209,0.029725261,0.030535721
Aug-94,0.01085601,-0.019647861,-0.01938518,-0.011067813,-0.016784885,-0.020390101,-0.001958812,-0.00015381,0.013081831,0.02872488
Sep-94,-0.002477488,-0.036183914,-0.040331061,-0.036620582,-0.04411506,-0.027482535,-0.022298858,-0.020349922,-0.00402488,0.023274125
Oct-94,-0.001016196,-0.030728227,-0.028802845,-0.027337454,-0.023475648,-0.00854859,-0.005601888,-0.004745998,0.006403733,0.022966816
Nov-94,-0.010025852,-0.042115217,-0.032395174,-0.016629074,-0.011631389,-0.00853264,-0.006604695,-0.002151006,0.004106413,0.007472826
Dec-94,-0.006502583,-0.031660911,-0.025925404,-0.010062968,-0.003141553,0.000135018,0.003137687,0.006223514,0.014337262,0.028666811
Jan-95,0.002521144,-0.016357182,-0.010341491,-0.008130806,0.005648806,0.012868475,0.016286258,0.01883518,0.022902684,0.029076248
Feb-95,0.004636712,-0.004616593,0.001109353,0.006189669,0.005968495,0.013022319,0.022301883,0.026129965,0.030120944,0.045711481
Mar-95,-0.000453027,-0.019288328,-0.015562162,-0.011343817,-0.006428056,0.000404888,0.006382648,0.008885826,0.015741602,0.031946559
Apr-95,0.002822401,-0.010755974,-0.007200155,-0.005292966,0.004439903,0.008204456,0.014921282,0.017362478,0.022738891,0.042652524
May-95,0.026615895,0.017565396,0.02962792,0.037556748,0.04062472,0.043891369,0.04658139,0.044721269,0.040011159,0.04287416
Jun-95,0.003146923,-0.007054399,-0.00297487,-0.004288467,0.002976079,0.008231383,0.012998152,0.014695279,0.021531029,0.03652738
Jul-95,0.007792386,-0.015349429,-0.018326605,-0.017695739,-0.018740009,-0.008365109,-0.003471553,0.001687255,0.012468616,0.041872112
Aug-95,0.005492443,-0.004852644,0.000141914,0.004176119,0.005678504,0.012842077,0.015966285,0.01821479,0.020771992,0.031504105
Sep-95,0.00522029,-0.005884177,-0.002893256,0.00176682,0.006207444,0.011163478,0.01414221,0.015888466,0.019885326,0.037458858
Oct-95,0.009730846,-0.001679179,0.005313998,0.005117624,0.011492782,0.016366804,0.017011048,0.01923571,0.019886428,0.032387492
Nov-95,0.009107754,0.000100059,0.007791108,0.00637572,0.016962987,0.019588994,0.019902603,0.022139989,0.025651928,0.040734843
Dec-95,0.015689384,0.000381974,0.007346422,0.007840906,0.016216978,0.018323373,0.0195943,0.021132854,0.025028769,0.044980479
Jan-96,0.019413034,0.000446071,0.000949052,-0.003694459,-0.003231824,0.00578652,0.010412738,0.013830164,0.021058486,0.0489456
Feb-96,0.00710969,-0.026789522,-0.033738363,-0.039118281,-0.031159901,-0.021414097,-0.015291202,-0.010279817,0.003956503,0.035178804
Mar-96,0.006281952,-0.019239036,-0.020899327,-0.01837705,-0.018611034,-0.014854818,-0.007920311,-0.002157235,0.005364138,0.03287371
Apr-96,0.001678547,-0.017387701,-0.021444283,-0.013782065,-0.015576904,-0.019739339,-0.01143018,-0.006649349,0.00174371,0.028861435
May-96,0.000767979,-0.01797044,-0.014558656,-0.01412565,-0.01330385,-0.007080804,-0.002940228,7.79E-05,0.006992762,0.030148192
Jun-96,0.008242098,-0.007020754,-0.002668803,-0.00069939,0.003606828,0.007531784,0.011483325,0.015519782,0.020505278,0.026269237
Jul-96,0.002480896,-0.014042198,-0.012219842,-0.015483488,-0.006766372,-0.004047644,0.000967791,0.003385364,0.00833058,0.025792525
Aug-96,0.004788666,-0.012841548,-0.016097181,-0.021241117,-0.013440658,-0.00631498,-0.001492073,-0.001906414,0.005463483,0.037612413
Sep-96,0.012329216,-0.002492557,0.003397755,0.00533294,0.006971779,0.01337213,0.018176444,0.022314348,0.026161918,0.035568274
Oct-96,0.019643158,0.003549429,0.011043289,0.013809761,0.01615636,0.021604605,0.025308295,0.026851232,0.029048277,0.027932176
Nov-96,0.014494845,0.002756719,0.008853686,0.01065262,0.014287921,0.018435357,0.02146202,0.022757528,0.024873919,0.037130888
Dec-96,0.00435603,-0.016146731,-0.025496936,-0.027620869,-0.015679386,-0.012755662,-0.010119651,-0.007906491,0.002228232,0.031543467
Jan-97,0.004829132,-0.010111331,-0.008161711,-0.013325495,-0.012541445,-0.002357032,0.001376132,0.004413873,0.014902664,0.035237172
Feb-97,0.009429194,-0.008450666,-0.011289018,-0.009624371,-0.00507389,0.001815686,0.005025577,0.008106911,0.019237813,0.036999972
Mar-97,0.001566976,-0.019067108,-0.026457951,-0.021224316,-0.023331227,-0.019733863,-0.016632963,-0.013497284,-0.004497294,0.011083028
Apr-97,0.013352139,-0.004375176,-0.002219326,0.002203346,0.003214951,0.007474166,0.015418686,0.019564699,0.026014223,0.034984478
May-97,0.017227406,-0.005229845,-0.005968967,-0.004247128,-0.002089692,0.003756914,0.008326891,0.012518299,0.018428316,0.034530411
Jun-97,0.019063777,-0.003667883,-0.00162164,0.002587227,0.003721837,0.007920683,0.013536642,0.016910596,0.021301186,0.029105717
Jul-97,0.031788258,0.013908057,0.017679988,0.020025637,0.023851468,0.029678591,0.033563117,0.032064943,0.028063594,0.038679405
Aug-97,0.005396372,-0.022831289,-0.018212441,-0.014749811,-0.018026917,-0.014987081,-0.011741497,-0.006893686,0.002731174,0.02435691
Sep-97,0.019967318,5.37E-06,0.005166872,0.006375457,0.011344003,0.01693317,0.019742445,0.020115668,0.017344764,0.038997623
Oct-97,0.021629703,0.00072562,0.005548626,0.008614451,0.012936324,0.015437573,0.015136335,0.016422188,0.017128408,0.020170172
Nov-97,0.00984995,-0.012040827,-0.004376083,0.004628902,0.007529963,0.006979921,0.008156711,0.011000057,0.017573129,0.031064874
Dec-97,0.01366768,-0.007621516,0.000350363,0.010699832,0.013492951,0.015389185,0.016005932,0.017085206,0.020635465,0.026226514
Jan-98,0.020681982,-0.001302232,0.006242769,0.015086158,0.019366319,0.018107901,0.018047192,0.018390637,0.024379664,0.040822882
Feb-98,0.003307593,-0.014441029,-0.006358353,0.001884645,0.004939884,0.004270674,0.006666509,0.009812701,0.014444003,0.035749248
Mar-98,0.011273941,-0.010698334,-0.003535023,0.002286566,0.008276124,0.007534872,0.010099174,0.012903892,0.018724087,0.035044473
May-98,-0.059482665,-0.043225744,-0.040959747,-0.042204006,-0.045538299,-0.041286979,-0.041533521,-0.038325244,-0.039764896,-0.046230039
Jun-98,-0.047179018,-0.034393198,-0.034198032,-0.036556186,-0.032410508,-0.040723103,-0.029232991,-0.028983959,-0.034410691,-0.043308149
Jul-98,-0.041461657,-0.037461744,-0.032329775,-0.036112288,-0.035195552,-0.035928589,-0.024959574,-0.057185502,-0.038521081,-0.044432339
Aug-98,-0.049047076,-0.035275386,-0.039629917,-0.038956758,-0.035974694,-0.038708557,-0.038923448,-0.040878562,-0.045263259,-0.071166734
Sep-98,-0.060792232,-0.024743557,-0.021832306,-0.039723209,-0.02849122,-0.032163996,-0.045390593,-0.048419848,-0.058397343,-0.078157427
Oct-98,-0.044788614,-0.025822054,-0.022042808,-0.025518438,-0.0266619,-0.031902907,-0.029597995,-0.024709426,-0.024550891,-0.057875094
Nov-98,-0.019817288,-0.036175011,-0.03124048,-0.027730617,-0.014795054,-0.024517522,-0.037302418,-0.065266031,-0.044063833,-0.025031734
Dec-98,-0.019837412,-0.028635694,-0.021391189,-0.025860958,-0.029724974,-0.026858567,-0.034657835,-0.025176012,-0.032270815,-0.032913861
Jan-99,-0.033281138,-0.03026386,-0.024731526,-0.024985882,-0.022422033,-0.021164382,-0.015739083,-0.018336048,-0.026777599,-0.040244129
Feb-99,-0.063380638,-0.046376255,-0.046281744,-0.038900326,-0.043105027,-0.035650037,-0.042075247,-0.03684846,-0.033263312,-0.04594397
Mar-99,-0.0522722,-0.050584675,-0.051419797,-0.046179093,-0.052180896,-0.043890387,-0.048277774,-0.049958556,-0.043239074,-0.020599951
Apr-99,-0.037446209,-0.041563984,-0.041439969,-0.036900417,-0.031538345,-0.035938204,-0.040109211,-0.029588694,-0.026422388,-0.011018868
May-99,-0.049153753,-0.063035459,-0.061603197,-0.061449999,-0.054309156,-0.050473519,-0.05467538,-0.050790691,-0.042481948,-0.045654961
Jun-99,-0.061827875,-0.070280296,-0.074333996,-0.075091198,-0.058823188,-0.072716454,-0.070056596,-0.064221048,-0.065192121,-0.051245937
Jul-99,-0.053796521,-0.057674697,-0.052301694,-0.049842722,-0.050117528,-0.055302439,-0.052948335,-0.049858036,-0.047519043,-0.035559029
Aug-99,-0.073130589,-0.068189731,-0.067052251,-0.069687519,-0.068983559,-0.065287514,-0.058430038,-0.061580766,-0.058923346,-0.066103018
Sep-99,-0.059049963,-0.059565389,-0.066148772,-0.058629109,-0.062551756,-0.056672552,-0.059607317,-0.030552366,-0.077921326,-0.045345996
Oct-99,-0.055539826,-0.059462938,-0.053714136,-0.055486701,-0.049700902,-0.051720748,-0.051557195,-0.055995778,-0.053052671,-0.046787553
Nov-99,-0.034681275,-0.051974052,-0.057664445,-0.043373718,-0.045789344,-0.045946709,-0.042687062,-0.03508134,-0.038959139,-0.034386083
Dec-99,-0.050402261,-0.054810286,-0.052023352,-0.05450431,-0.049781923,-0.054394006,-0.055150138,-0.046396005,-0.04815271,-0.04361946
Jan-00,-0.046137703,-0.047491799,-0.060525734,-0.059107077,-0.058387242,-0.059478226,-0.058280611,-0.054475026,-0.059901284,-0.048572972
Feb-00,-0.062308621,-0.062119319,-0.060911715,-0.062412612,-0.05247828,-0.062722502,-0.049760389,-0.058036881,-0.050185177,-0.045504163
Mar-00,-0.05015511,-0.054171096,-0.05531218,-0.056834823,-0.059784429,-0.065759332,-0.05940458,-0.052643048,-0.055007084,-0.042926373
Apr-00,-0.076238616,-0.056902397,-0.053886737,-0.055313495,-0.057343575,-0.052831894,-0.059668894,-0.051498049,-0.062637508,-0.056470784
May-00,-0.055885026,-0.078600416,-0.075447486,-0.071478239,-0.077012153,-0.081978315,-0.075869241,-0.076313434,-0.072966891,-0.078803313
Jun-00,-0.045886036,-0.03188581,-0.032226881,-0.03602291,-0.029157398,-0.03137238,-0.030664271,-0.030973731,-0.016114886,-0.048151602
Jul-00,-0.040917035,-0.046196852,-0.043563251,-0.04302607,-0.047013762,-0.042520823,-0.033383623,-0.045668899,-0.040220989,-0.045806988
Aug-00,-0.030613105,-0.043093,-0.039515591,-0.037013105,-0.04162991,-0.03994557,-0.036578105,-0.03415721,-0.025660988,-0.014802324
Sep-00,-0.057945929,-0.047733782,-0.039638071,-0.047463632,-0.029607372,-0.026227345,-0.040705653,-0.032436898,-0.038937997,-0.049257579
Oct-00,-0.041394741,-0.051616327,-0.031366896,-0.045153492,-0.05113464,-0.048001446,-0.056935362,-0.052664967,-0.033591737,-0.073674906
Nov-00,-0.025227067,-0.0528312,-0.033149843,-0.032926343,-0.043966366,-0.054420204,-0.045224349,-0.035515289,-0.029141238,-0.053062895
Dec-00,-0.038225319,-0.026791942,-0.015681393,-0.033028289,-0.016839397,-0.011957248,-0.020609961,-0.025601162,-0.030212789,-0.019862282
Jan-01,-0.003951848,0.002582812,0.002217062,-0.007062684,0.013995451,-0.006201164,0.008240708,0.007994062,0.012077194,0.015218764
Feb-01,-0.024488523,-0.019082733,-0.008131432,-0.0071565,-0.007642079,-0.005747685,-0.006859742,-0.019053705,-0.005081184,-0.017334432
Mar-01,-0.020704314,-0.014336825,-0.004521347,-0.014938657,-0.001632988,-0.005578698,-0.009760402,0.004101558,-0.014466057,-0.019035631
Apr-01,-0.037122524,-0.034255815,-0.042363702,-0.031892712,-0.026213454,-0.018164428,-0.027929201,-0.028800554,-0.017451583,-0.050373315
May-01,-0.034886403,-0.019225071,-0.017510728,-0.018145507,-0.02245561,-0.022817476,-0.023656466,-0.021862948,-0.026385689,-0.061462628
Jun-01,-0.031963905,-0.00812181,-0.029756523,-0.022733755,-0.020134569,-0.019125014,-0.024155364,-0.008260122,-0.023120815,0.008177594
Jul-01,-0.030960838,-0.023852985,-0.027674299,-0.01806472,-0.019370784,-0.028561376,-0.007813272,-0.021763177,-0.002105434,-0.036888753
Aug-01,-0.033193793,-0.020481549,-0.015080982,-0.010360824,-0.011034919,-0.008966124,-0.014249877,-0.007040358,-0.010003064,-0.026637645
Sep-01,-0.06130142,-0.021701191,-0.024727622,-0.028137696,-0.022274395,-0.024572193,-0.022662904,-0.017965463,-0.017580177,-0.033836156
Oct-01,-0.024088423,-0.009651252,-0.009267779,-0.022331496,-0.004083986,-0.010562467,-0.00989501,-0.011676339,-0.012120464,-0.027052534
Nov-01,-0.029265519,-0.03996328,-0.027548291,-0.019576618,-0.02754261,-0.016187967,-0.025107316,-0.01077303,-0.012921254,0.000894983
Dec-01,-0.048195601,-0.039400986,-0.026335014,-0.041779411,-0.033346061,-0.038441906,-0.035293371,-0.028416034,-0.029812846,-0.021077324
Jan-02,-0.035064468,-0.023663901,-0.028399767,-0.021009034,-0.020476284,-0.011701461,-0.033976103,-0.012481844,-0.017308484,-0.018378806
Feb-02,-0.035443202,0.019665894,-0.028858024,-0.022443524,0.027825599,-0.02447327,-0.019647754,-0.020082261,-0.015166469,-0.025064542
Mar-02,-0.040986915,-0.034831351,-0.042886457,-0.04127941,-0.043716491,-0.039919717,-0.032888591,-0.029882926,-0.022032607,-0.009956104
Apr-02,-0.038814743,-0.026533948,-0.025140145,-0.027169888,-0.014775197,-0.019735005,-0.024009073,-0.024457646,-0.008635101,-0.005727115
May-02,-0.028483267,-0.03830066,-0.033324798,-0.026805058,-0.027712465,-0.021383628,-0.025535472,0.032403515,-0.019780005,-0.013857413
Jun-02,-0.021050718,-0.021683882,-0.032469646,-0.017658152,-0.017603064,-0.015469586,-0.017581904,-0.020753493,-0.014407238,-0.050902635
Jul-02,0.050456753,0.040897472,0.035317572,0.03468983,0.025153707,0.020299351,0.010567302,0.00595007,-0.016481665,-0.142149605
Aug-02,0.051971657,0.047377,0.042174163,0.044237449,0.044666068,0.044251374,0.045991858,0.070555155,0.070620299,0.11861003
Sep-02,0.048088986,0.054140525,0.050395799,0.046891113,0.044650344,0.041447802,0.033906038,0.037901851,0.035279161,0.021471677
Oct-02,0.035295908,0.017935281,0.022762302,0.021954064,0.015315532,0.020286612,0.026323412,0.035155283,0.046839383,0.065360115
Nov-02,0.033763148,0.027887171,0.031595113,0.033149267,0.028091606,0.048512421,0.08142881,0.077415644,0.123426524,0.203639397
Dec-02,0.049130207,0.048801853,0.049059781,0.045117609,0.04235221,0.043092012,0.043763806,0.049294832,0.062049661,0.106569042
Jan-03,0.035934025,0.030466199,0.029560714,0.033281316,0.030059581,0.036678513,0.039068095,0.051536488,0.082999807,0.136673399
Feb-03,0.044369934,0.042022359,0.042488869,0.041204144,0.042572325,0.038928716,0.041757939,0.04792284,0.06220596,0.09414808
Mar-03,0.042560657,0.029350841,0.025520524,0.026235897,0.031234449,0.030319058,0.044164895,0.053741815,0.070652117,0.113030719
Apr-03,0.038380229,0.033252038,0.03534466,0.040725344,0.037541268,0.042227859,0.04702494,0.069655486,0.094768734,0.194534637
May-03,0.047452864,0.055835446,0.054556947,0.056348396,0.055565106,0.054065981,0.047102361,0.046854858,0.058861135,0.102701688
Jun-03,0.041002688,0.031737132,0.028339095,0.029175842,0.031581825,0.030969962,0.039641069,0.051938031,0.067967636,0.125258515
Jul-03,0.031016194,0.005569912,-0.016972712,-0.021515175,-0.021193483,-0.016146404,0.001505633,0.016006988,0.035268917,0.06614574
Aug-03,0.031163304,0.022629779,0.019226121,0.019636952,0.017015183,0.014916185,0.023343421,0.028771245,0.045241688,0.070354446
Sep-03,0.043093581,0.049201206,0.048903008,0.050313671,0.053972713,0.04808142,0.045198494,0.057955861,0.058778351,0.096174987
Oct-03,0.032698217,0.016972256,0.013284648,0.011840606,0.011876573,0.015304543,0.022544284,0.039559819,0.053512504,0.084249054
Nov-03,0.031601918,0.030100297,0.02784752,0.027557512,0.026693157,0.026862502,0.031149554,0.040340866,0.045578721,0.077832431
Dec-03,0.039286358,0.0295744,0.024312412,0.022917325,0.023835484,0.023630116,0.026634817,0.038377599,0.043012358,0.07412237
Jan-04,0.041544351,0.033672173,0.029170206,0.029803667,0.030708996,0.032473671,0.031337258,0.035711271,0.04439588,0.081886888
Feb-04,0.036304984,0.036333346,0.033409494,0.031608744,0.030829216,0.02990531,0.031390373,0.030825881,0.032101456,0.058561023
Mar-04,0.036376564,0.035217373,0.033050277,0.032550401,0.028389447,0.031267499,0.033754504,0.038955402,0.044375778,0.063052847
Apr-04,0.015095918,-0.002083388,-0.011367957,-0.010286909,-0.015658923,-0.013455973,0.000880371,0.006890574,0.030783004,0.055356512
May-04,0.028032004,0.016967929,0.010548139,0.009705592,0.004066576,0.001269853,0.0078149,0.005036156,0.010329825,0.030172713
Jun-04,0.029638423,0.019334667,0.017308977,0.017231017,0.015982424,0.016299069,0.018032662,0.033494442,0.039106432,0.072811573
Jul-04,0.026326022,0.029056318,0.026312064,0.028127299,0.026451314,0.026708243,0.031617899,0.034427342,0.032866455,0.051969731
Aug-04,0.030848798,0.036489098,0.038333268,0.039189819,0.039688867,0.04382988,0.039346584,0.045412189,0.036154641,0.056874353
Sep-04,0.031771991,0.026039617,0.024671758,0.025166132,0.024321633,0.027721514,0.031863126,0.037625044,0.046668134,0.055247671
Oct-04,0.026932472,0.025864503,0.024635423,0.024550388,0.024411787,0.017524468,0.026764684,0.034350056,0.049597309,0.080093957
Nov-04,0.021513595,0.010885659,0.009296037,0.0086514,0.007342177,0.009116651,0.014649506,0.022608015,0.030062758,0.075632803
Dec-04,0.01580252,0.024339969,0.023511319,0.023832926,0.022473219,0.023791333,0.029323779,0.026596727,0.029721362,0.072735938
Jan-05,0.013335863,0.019538335,0.02136832,0.022858512,0.024704717,0.027190697,0.027992084,0.025633415,0.023796308,0.034454368
Feb-05,0.012135085,0.012282226,0.012713041,0.011554267,0.011176046,0.01539093,0.021633005,0.030408537,0.038894925,0.053748542
Mar-05,-0.001640475,0.007245607,0.002089683,-0.000355162,-0.005220853,-0.005474612,-0.00786101,-0.007081697,-0.003237262,0.012893687
Apr-05,0.013357655,0.024807519,0.029097444,0.029929662,0.029929762,0.031647659,0.024929538,0.022982624,0.022540429,0.008940816
May-05,0.013251414,0.020049016,0.023746771,0.022435746,0.024411016,0.025785022,0.032062736,0.037179864,0.046130467,0.066737375
Jun-05,0.009512431,0.018111251,0.021839048,0.023901029,0.022835286,0.026262548,0.031298138,0.036873447,0.044941069,0.101707407
Jul-05,0.00521469,0.006859277,0.004615678,0.003325212,0.004251267,0.006044882,0.015182576,0.027214483,0.041477194,0.073983027
Aug-05,0.003850549,0.017566418,0.019152003,0.01940698,0.01924537,0.02204175,0.020817142,0.020644666,0.027876001,0.044861887
Sep-05,0.002728281,0.0065373,0.006032348,0.004330833,0.000685931,-0.000174991,0.003165126,0.015637846,0.018604184,0.031244923
Oct-05,-0.001965117,0.004417407,0.001648104,-0.001171281,-0.003769504,-0.003575629,-0.001626989,0.010506474,0.022073425,0.015871053
Nov-05,0.005501905,0.010053466,0.01347473,0.013729627,0.01512682,0.019627426,0.021109614,0.025166502,0.031705528,0.04035788
Dec-05,0.002446161,0.010218567,0.014422109,0.017221155,0.017532416,0.018821058,0.022863561,0.023951045,0.031781248,0.047860249
Jan-06,0.002571705,0.008717506,0.008906341,0.008416828,-3.64E-05,0.007774418,0.012709548,0.022483957,0.035906242,0.074996648
Feb-06,-0.00418168,0.004496889,0.00889936,0.009294282,0.011734451,0.013805403,0.020632981,0.024693666,0.034637548,0.051357441
Mar-06,-0.004256237,0.003713372,0.0018157,-0.003402808,-0.007390962,-0.005497599,-0.000197955,0.006089589,0.023175211,0.058018606
Apr-06,-0.003410084,0.004108943,0.005030153,0.000214628,-0.001703124,-0.002144106,0.003904039,0.010357524,0.025911213,0.055458907
May-06,-0.009202688,0.00499348,0.005914072,0.006759595,0.006424821,0.007152293,0.009781121,0.008767552,0.015785076,0.046535742
Jun-06,-0.011706355,-0.000293816,0.001446692,0.0011844,-0.000509491,0.000578235,0.004311052,0.006843942,0.011229802,0.030961887
Jul-06,-0.000817931,0.009474357,0.014457051,0.019724307,0.023343751,0.024587844,0.027689324,0.026990441,0.028714841,0.038327912
Aug-06,-0.000360878,0.011230217,0.016625324,0.021941487,0.02527665,0.028070074,0.031564895,0.031185472,0.034843663,0.053318895
Sep-06,0.002872609,0.009867242,0.01437494,0.017201363,0.021860364,0.022936331,0.02603725,0.027473021,0.033666563,0.052344062
Oct-06,-0.003293735,0.006178774,0.009610485,0.010446418,0.008162323,0.013865309,0.017912563,0.023426277,0.031969199,0.059876691
Nov-06,-0.00482063,0.010202724,0.016380825,0.020173985,0.024180123,0.024750534,0.028097559,0.0296278,0.036056777,0.06007736
Dec-06,-0.003347247,0.004201484,0.004372101,0.003000519,0.00146249,0.002883449,0.004410869,0.014553053,0.02461886,0.057269069
Jan-07,-0.008026995,0.003077239,0.004819005,0.002451221,0.002477642,0.003787646,0.00730821,0.014080768,0.025679516,0.055139407
Feb-07,-0.00251451,0.012440922,0.019104411,0.023525049,0.0260622,0.029365921,0.03201892,0.029421088,0.029889873,0.046781693
Mar-07,-0.008765257,0.009319997,0.010513856,0.007597357,0.006040806,0.003429061,0.0055621,0.014456208,0.023750553,0.034726709
Apr-07,-0.00264721,0.008520468,0.010603912,0.011506263,0.01241116,0.014508963,0.016715708,0.019884992,0.03255455,0.05349046
May-07,-0.00654318,0.001619665,-3.36E-05,-0.000918258,-0.001453859,-0.001350094,0.002175331,0.014428385,0.023173561,0.04475367
Jun-07,-0.008089898,0.002407971,0.001451584,-0.00160512,-0.004778005,-0.005890606,-0.001697654,-0.003768884,-0.000768625,0.015103898
Jul-07,-0.006964239,0.010761395,0.01127621,0.009721295,0.009000717,0.007410749,0.000833554,-0.003444756,-0.007402987,-0.02721868
Aug-07,-0.002031503,0.019137082,0.020250787,0.018531688,0.020807923,0.020810385,0.026140751,0.029855305,0.035695894,0.029433907
Sep-07,0.011100124,0.017693291,0.01803713,0.018274969,0.017860819,0.022003493,0.026492416,0.038959167,0.044868814,0.054236348
Oct-07,0.011010377,0.020560235,0.023353967,0.024682619,0.028135015,0.028206633,0.029595419,0.029726575,0.033571233,0.041103381
Nov-07,0.00589742,0.028013827,0.025201487,0.021286949,0.020355393,0.015472941,0.013643258,0.014607456,0.011472559,-0.01527813
Dec-07,0.008571174,0.017593065,0.016370539,0.013729471,0.01336174,0.013615744,0.018426116,0.030023537,0.035823241,0.048565616
Jan-08,0.018217088,0.043634512,0.04333747,0.042891978,0.040503184,0.032603325,0.029310609,0.035493316,0.038893411,0.040707106
Feb-08,0.021627275,0.023779553,0.022237421,0.0193705,0.016399434,0.016861471,0.022443931,0.031038686,0.037191737,0.03096725
Mar-08,0.014936908,0.025672823,0.026020881,0.020979773,0.021278622,0.02411069,0.020872893,0.029973885,0.039301028,0.050681601
Apr-08,0.011644886,0.018668007,0.026539542,0.028397449,0.030679005,0.039401675,0.047991687,0.057849014,0.084706318,0.117829294
May-08,0.01151469,0.012548964,0.012022682,0.0147524,0.015806283,0.019101524,0.021305213,0.033424455,0.04663483,0.068548431
Jun-08,0.007771897,0.017070619,0.014652962,0.011548792,0.010826704,0.009694006,0.01248799,0.010729061,0.016109454,-0.010203582
Jul-08,0.004487826,0.01866963,0.021616734,0.019248316,0.020695835,0.020774437,0.026214465,0.026059122,0.026759972,0.008122593
Aug-08,0.011968258,0.034442899,0.032639867,0.034416941,0.031895319,0.03036532,0.034437694,0.03735545,0.04813329,0.06498902
Sep-08,-0.011006161,-0.002720442,-0.009010624,-0.021646934,-0.024222936,-0.020948974,-0.018270906,-0.02213106,-0.067162073,-0.306071311
Oct-08,-0.011130477,-0.017330263,-0.016664294,-0.024808938,-0.025519928,-0.019212689,-0.038217094,-0.080553763,-0.103800329,-0.151613457
Nov-08,0.062089688,0.078326375,0.069992891,0.072118199,0.063994531,0.052647562,0.033119757,0.027092343,0.02810534,-0.07970971
Dec-08,0.084877509,0.11803077,0.119924368,0.125013337,0.111732965,0.110174921,0.103777473,0.111632542,0.13774879,0.139105794
Jan-09,0.038917115,0.03265094,0.040581356,0.041952123,0.039786527,0.054423934,0.080743827,0.115580032,0.133344244,0.183701518
Feb-09,0.015381136,0.024986707,0.023715138,0.02137211,0.022622138,0.037467518,0.032684737,0.025137164,0.014513935,0.004105786
Mar-09,0.035034676,0.034437511,0.04758833,0.051393649,0.038948842,0.044665073,0.053790477,0.043698837,0.076408205,0.220095126
Apr-09,0.034947865,0.042409319,0.052574814,0.064304036,0.058457702,0.082676166,0.103554455,0.125268824,0.199137005,0.310583128
May-09,0.031313325,0.032247645,0.039624878,0.050588789,0.059990544,0.080851279,0.077917484,0.082435899,0.139965834,0.280007091
Jun-09,0.032800705,0.043138748,0.050633237,0.056194579,0.057970856,0.06131962,0.061164445,0.058453817,0.093015489,0.160743865
Jul-09,0.039796121,0.044065073,0.050302822,0.058831202,0.058483432,0.062008455,0.074052733,0.079630143,0.09784096,0.118279439
Aug-09,0.031948539,0.035436527,0.039690308,0.041369729,0.045777956,0.049538604,0.060551627,0.059722839,0.07437461,0.151179581
Sep-09,0.029319828,0.035042145,0.037611892,0.038804664,0.042433418,0.049203017,0.062021297,0.074352866,0.093633545,0.169536808
Oct-09,0.028369707,0.024882012,0.024490041,0.027754407,0.028505664,0.031013655,0.040223222,0.052783988,0.062400902,0.092721027
Nov-09,0.031485876,0.038600654,0.036210322,0.037816591,0.039056401,0.040332511,0.043320825,0.049374873,0.060903908,0.079764622
Dec-09,0.010117979,0.010676089,0.007574558,0.011993704,0.015607129,0.020189094,0.026596541,0.045678688,0.063394775,0.101667204
Jan-10,0.022109705,0.039053913,0.033762853,0.035537392,0.036383832,0.041772749,0.041694392,0.052080548,0.050672431,0.088339741
Feb-10,0.024386944,0.028860486,0.026718709,0.027537771,0.025699245,0.026455293,0.028236696,0.036384276,0.049165406,0.064980189
Mar-10,0.021381287,0.026027595,0.022215091,0.02150625,0.024640025,0.025483999,0.032778571,0.046656527,0.063681025,0.097336354
Apr-10,0.022779183,0.034313853,0.037560189,0.037733592,0.038337824,0.037987074,0.039553298,0.046971917,0.055852606,0.087618027
May-10,0.010636972,0.034928264,0.032406363,0.030452105,0.02450139,0.02098427,0.016218642,0.01746722,0.021779095,0.010665239
Jun-10,0.028622741,0.044184384,0.047124934,0.044085056,0.043878727,0.042540943,0.039482755,0.040995139,0.05132486,0.065286919
Jul-10,0.031414083,0.03753647,0.039822695,0.039459351,0.045036736,0.045103761,0.053712846,0.062993662,0.075416017,0.094709199
Aug-10,0.025841572,0.045215729,0.04987187,0.049019933,0.04954438,0.047214175,0.047392971,0.05135983,0.053773096,0.056612217
Sep-10,0.036829576,0.035233575,0.032040246,0.031095907,0.033032351,0.034304403,0.041083431,0.054198987,0.06976546,0.102840486
Oct-10,0.031481769,0.036570706,0.028383804,0.025950153,0.023827287,0.028727333,0.034500028,0.050314168,0.065817521,0.10578076
Nov-10,0.020378315,0.025907877,0.018884145,0.020379509,0.020155509,0.020488459,0.021137506,0.027486474,0.0389534,0.068657933
Dec-10,0.026808741,0.011841601,0.008002467,0.008946566,0.009401248,0.014214349,0.01555771,0.025139553,0.047812377,0.082170428
Jan-11,0.026381044,0.03404506,0.02818708,0.027494704,0.02976999,0.030392322,0.036148361,0.04281774,0.054419801,0.083590129
Feb-11,0.01976487,0.02475456,0.021321904,0.024111918,0.024219838,0.027567027,0.032054858,0.039013248,0.048839745,0.076864537
Mar-11,0.019915,0.027720287,0.023328212,0.02189504,0.023466388,0.022946946,0.026674744,0.034338934,0.04235296,0.062212088
Apr-11,0.030478647,0.034953747,0.035382796,0.036819422,0.037015093,0.039696923,0.042182096,0.043046767,0.047580169,0.070968869
May-11,0.012322351,0.036069455,0.036495324,0.037677029,0.038603306,0.039166501,0.041485646,0.042637684,0.04268763,0.064058795
Jun-11,0.01153329,0.030881683,0.023457007,0.021882905,0.018970232,0.016874196,0.02146977,0.024911295,0.033532408,0.049330118
Jul-11,0.023424707,0.040925036,0.042862391,0.043191408,0.043994454,0.042675214,0.041546278,0.042757254,0.050847152,0.069250799
Aug-11,0.016777348,0.04572418,0.046522401,0.044510409,0.039371938,0.036215297,0.027187771,0.017965594,0.023170321,-0.003800884
Sep-11,0.022731518,0.039864718,0.040458301,0.036270223,0.031312838,0.027031883,0.023271172,0.021612248,0.02926424,-0.010649559
Oct-11,0.043234763,0.034687062,0.035196899,0.041517778,0.046870614,0.050000517,0.054248312,0.071573338,0.092734783,0.121871388
Nov-11,0.021019595,0.03108416,0.024463121,0.026305196,0.016599348,0.017789704,0.025732851,0.026197571,0.026904861,0.02887591
Dec-11,0.032978417,0.04138115,0.042182341,0.04669146,0.048839229,0.053652822,0.052700076,0.061136023,0.074323302,0.073449907
Jan-12,0.044845796,0.041888534,0.041113882,0.043479795,0.046387624,0.050920092,0.056580317,0.069466068,0.078372491,0.115472879
Feb-12,0.031659941,0.032661414,0.031553948,0.034240632,0.037866159,0.042708143,0.048637551,0.054120981,0.070709831,0.112984487
Mar-12,0.022774993,0.027241704,0.019687568,0.01371939,0.014911897,0.018643912,0.027756417,0.035713623,0.047374915,0.082130869
Apr-12,0.01450456,0.034993134,0.038915302,0.038852118,0.041560703,0.043140703,0.043863323,0.045157883,0.051746174,0.074114207
May-12,0.012900753,0.032685306,0.036119408,0.037831557,0.037247639,0.037305352,0.038786495,0.035700392,0.038458175,0.046879233
Jun-12,0.021872768,0.033087824,0.033453903,0.0347229,0.037861076,0.038991619,0.041147775,0.051522788,0.067432492,0.082386335
Jul-12,0.032510209,0.040697501,0.047724829,0.053107599,0.056028416,0.060713536,0.056758174,0.060663377,0.068990221,0.084241242
Aug-12,0.029325381,0.029535195,0.02646928,0.024943794,0.025304482,0.02725177,0.034455402,0.043437713,0.0602763,0.091663351
Sep-12,0.032008197,0.031708858,0.032744163,0.032017608,0.033798112,0.04012829,0.047510145,0.052835142,0.059995852,0.098146985
Oct-12,0.006771386,0.029421435,0.030943292,0.031918005,0.03400807,0.038370901,0.045002263,0.046844833,0.05414239,0.074339181
Nov-12,0.015943861,0.028082929,0.028678318,0.027834798,0.027153385,0.028822733,0.030236768,0.036724374,0.052207109,0.076062982
Dec-12,0.011965918,0.026339586,0.024560131,0.025818856,0.026245295,0.029611617,0.03418489,0.043179094,0.056289368,0.094371586
Jan-13,0.038261006,0.029084519,0.024189361,0.015886879,0.013440904,0.017612443,0.021151367,0.030719504,0.049293767,0.104475979
Feb-13,0.01549263,0.029912583,0.031869551,0.033072981,0.032718697,0.035679591,0.039965201,0.03577467,0.043619608,0.071117524
Mar-13,0.026867547,0.027142066,0.028576014,0.025629412,0.025779191,0.028182853,0.028607306,0.036468756,0.047529309,0.085940964
Apr-13,0.022005213,0.030315521,0.03670126,0.041905673,0.044775139,0.050737441,0.053481519,0.05552179,0.059750857,0.08036975
May-13,0.023838955,0.024580732,0.017261403,-6.54E-05,-0.0047184,-0.004223062,-0.003397543,0.011427928,0.031316867,0.071596003
Jun-13,-0.000752139,0.018936354,0.004998303,-0.004465829,-0.009828142,-0.01191884,-0.013567749,-0.006914646,0.007460053,0.033250937
Jul-13,0.030122436,0.030468023,0.028297698,0.025794914,0.029115871,0.031571369,0.035458015,0.04122922,0.047519154,0.079721171
Aug-13,0.00533672,0.021427921,0.015766065,0.014022154,0.013127469,0.01208699,0.015066989,0.020324537,0.026556129,0.067368482
Sep-13,0.024582719,0.028047107,0.029406547,0.026834254,0.02710713,0.027379606,0.029695124,0.034432725,0.0394091,0.070346042
Oct-13,0.028402874,0.027436184,0.0325849,0.033183605,0.03574736,0.039678414,0.042902466,0.049423744,0.057195505,0.076419257
Nov-13,0.018749401,0.025850839,0.024413083,0.016983745,0.015347035,0.014741326,0.01623589,0.02598269,0.034302947,0.065761049
Dec-13,0.020932244,0.020365129,0.020331002,0.01817757,0.020601698,0.021902836,0.023426007,0.029010055,0.036159546,0.060459346
Jan-14,-0.00303106,0.025550452,0.031635003,0.034652256,0.036948651,0.038781275,0.039155017,0.039586671,0.039076557,0.088831643
Feb-14,0.022584478,0.023818727,0.027262074,0.027260998,0.029381212,0.03102018,0.034553645,0.042795291,0.052924995,0.077353064
Mar-14,0.010056099,0.019675855,0.018871192,0.019156453,0.020987154,0.023259691,0.025787128,0.030476043,0.034801735,0.064077108
Apr-14,0.011517219,0.0237328,0.026833773,0.028463774,0.02889152,0.031205761,0.035261618,0.037455387,0.039433675,0.073325146
May-14,0.02096019,0.025321541,0.02968075,0.033506063,0.032920689,0.034992257,0.03826213,0.042817052,0.04102984,0.069029802
Jun-14,0.017134323,0.018510087,0.020898767,0.020526802,0.017655983,0.01834826,0.020280132,0.030490502,0.036598743,0.06721595
Jul-14,0.006692983,0.017746364,0.020842068,0.019767924,0.018742895,0.01879371,0.019024464,0.023017445,0.01874691,0.046103958
Aug-14,0.019166113,0.023372955,0.028120657,0.031141175,0.03294122,0.034976593,0.038456327,0.041979326,0.047806626,0.065835021
Sep-14,0.002496753,0.016355985,0.016395414,0.012550021,0.005692909,0.002960539,-0.000958995,0.006724008,0.011642047,0.030470245
Oct-14,0.007401407,0.025458089,0.028638826,0.029851489,0.030171178,0.031925659,0.031845731,0.039068392,0.044662217,0.051123837
Nov-14,0.025264838,0.022962907,0.023125983,0.025251937,0.023510459,0.022988033,0.024508831,0.026477585,0.029569979,0.050615702
Dec-14,0.005435912,0.016958814,0.019790993,0.023077204,0.025055378,0.028593056,0.027696981,0.02472186,0.021787337,-0.002292195
Jan-15,0.019017792,0.033177767,0.03659721,0.04584364,0.053337924,0.056454399,0.058481285,0.050622809,0.045053009,0.05165564
Feb-15,0.028345474,0.017677923,0.017593945,0.01741819,0.007073256,0.006338755,0.013623975,0.028628626,0.049819783,0.103670662
Mar-15,0.011373567,0.02132949,0.022408804,0.025848359,0.023747245,0.023322575,0.024270674,0.028374803,0.033914524,0.04820876
Apr-15,0.013220314,0.021145558,0.023008252,0.020788955,0.014076577,0.011071405,0.013583812,0.02464232,0.039535384,0.098281314
May-15,0.004850627,0.018569837,0.01679812,0.017950381,0.007257636,0.007215562,0.008429848,0.015876708,0.031921348,0.061303673
Jun-15,0.000200897,0.015835574,0.011490668,0.008647733,0.003311053,-0.002059088,-0.002321412,0.004639961,0.016715984,0.031856278
Jul-15,0.006396016,0.0214048,0.021605783,0.025104281,0.027320509,0.027119924,0.029848364,0.031446782,0.030153779,0.001911281
Aug-15,-0.00820464,0.02039192,0.019563435,0.019053062,0.016497483,0.016640964,0.016077876,0.016113899,0.01593299,0.009410961
Sep-15,0.003990138,0.024770496,0.027577046,0.028005435,0.027071563,0.027326325,0.027078153,0.021854844,0.012640906,-0.000393847
Oct-15,0.035032101,0.023655996,0.024801531,0.025790672,0.027900446,0.028049476,0.033149989,0.04126289,0.057695272,0.109591679
Nov-15,0.013073294,0.01723802,0.018089426,0.017437017,0.016861384,0.018489677,0.018104664,0.019426217,0.01842161,0.017363865
Dec-15,0.005435598,0.014227829,0.016339478,0.017489327,0.017848514,0.017293946,0.018015377,0.014094244,0.006704412,-0.024508019
Jan-16,0.004870793,0.024375891,0.026227941,0.025848815,0.025581574,0.023612885,0.017394245,0.015316192,0.002823533,-0.02039717
Feb-16,0.013861646,0.025299737,0.029623405,0.03205256,0.036159045,0.034637618,0.035836887,0.040705442,0.057529277,0.058367065
Mar-16,0.028292496,0.026199284,0.029960878,0.036733678,0.043192698,0.045906073,0.057250989,0.066992726,0.102563512,0.231568433
Apr-16,0.017092274,0.021719183,0.025074642,0.029541882,0.032210543,0.037317038,0.045538221,0.05391518,0.074898438,0.175915067
May-16,0.013171345,0.016563972,0.017964215,0.019174347,0.018780415,0.022529415,0.025367104,0.030014805,0.038692813,0.093702275
Jun-16,0.015344799,0.027639187,0.034556143,0.040425514,0.047144629,0.048681728,0.051173505,0.053180621,0.054530806,0.078846036
Jul-16,0.031276899,0.021971256,0.025682258,0.029229405,0.033468524,0.038440786,0.044070602,0.049418878,0.0620808,0.097874938
Aug-16,0.014911205,0.018732115,0.021747802,0.022954956,0.02543868,0.028309631,0.033401288,0.043987747,0.055116714,0.098531485
Sep-16,0.005882727,0.017743057,0.020300175,0.021583521,0.020337853,0.019043986,0.022356927,0.027286019,0.038628566,0.070386684
Oct-16,0.011098532,0.014875971,0.013786462,0.012757775,0.007436654,0.00451095,0.009060944,0.018213775,0.033364546,0.072733933
Nov-16,0.016780946,0.005226564,-0.000505518,-0.006416148,-0.012405091,-0.01408241,-0.011121949,-0.002836056,0.013278677,0.047361252
Dec-16,0.019725294,0.011897724,0.015210963,0.017471311,0.018474609,0.020506038,0.024812164,0.03130508,0.041000635,0.080543364
Jan-17,0.010127124,0.016717263,0.018485642,0.021281734,0.019932883,0.019375814,0.023618644,0.029223454,0.038941885,0.066529104
Feb-17,0.02353639,0.017432904,0.020400134,0.02363869,0.026870137,0.029281403,0.032322362,0.035595656,0.040816447,0.062346477
Mar-17,0.007071588,0.011462435,0.013313008,0.015049597,0.013084161,0.011616905,0.013355169,0.014758527,0.023539504,0.043275785
Apr-17,0.009897421,0.017366653,0.020904605,0.024662154,0.026297747,0.028203342,0.030931222,0.034048635,0.039463039,0.05627503
May-17,0.013487119,0.016037608,0.019407363,0.022997596,0.025732546,0.027772456,0.030395074,0.034044658,0.036739276,0.047858072
Jun-17,0.012709466,0.013970082,0.016599959,0.018291236,0.0213145,0.023303484,0.028145196,0.029657597,0.031219395,0.036144148
Jul-17,0.007301832,0.015988403,0.019242916,0.019627998,0.021223515,0.019758338,0.021404323,0.026411108,0.033445167,0.060686521
Aug-17,0.009290051,0.015609845,0.018762259,0.021348907,0.023182695,0.025168681,0.025842152,0.028076555,0.030210133,0.03765047
Sep-17,0.014954694,0.012953853,0.014185498,0.013836359,0.011969719,0.01383747,0.015924257,0.020788224,0.031314054,0.059204567
Oct-17,0.014587141,0.010980569,0.014379869,0.015012152,0.01611564,0.017902604,0.019205341,0.022195226,0.029220381,0.047715289
Nov-17,0.010389272,0.007664368,0.011234469,0.011693222,0.013433461,0.014910781,0.017323052,0.019298775,0.026467861,0.038092853
Dec-17,0.010376834,0.009582723,0.011628662,0.013784495,0.017221464,0.020896749,0.023716382,0.026547809,0.030042842,0.047137399
Jan-18,0.02863934,0.00454974,0.003585157,0.002150315,0.000314801,0.000944542,0.003126737,0.009531831,0.02250543,0.059038724
Feb-18,-0.01358588,-0.000746842,0.000550223,-0.00096605,-0.005456208,-0.004922386,-0.010013147,-0.007053796,0.003064818,0.024907794
Mar-18,-0.020173397,0.005932275,0.00812894,0.00981176,0.011224642,0.012339197,0.013857698,0.016328854,0.018384601,0.023809247
Apr-18,0.00441438,0.003981678,0.003902312,0.002415966,-0.000165302,0.001098,0.001057715,0.002386911,0.014323163,0.047653637
May-18,0.001349786,0.007401102,0.01000149,0.012869687,0.014956817,0.016189578,0.017021374,0.017053753,0.018073683,0.037652882
Jun-18,-0.007552036,0.003542046,0.005001765,0.00555357,0.004998333,0.005308623,0.006414094,0.008441237,0.014906605,0.033440522
Jul-18,0.006711214,0.006884874,0.008418823,0.009535045,0.012915531,0.017212508,0.019873816,0.026460412,0.032107252,0.042771379
Aug-18,0.006224131,0.007984817,0.010978462,0.012856287,0.014151428,0.01621391,0.018243049,0.019784114,0.024544442,0.033305938
Sep-18,-0.004258825,0.002582437,0.002215021,0.002702864,0.002145386,0.004115875,0.005816613,0.009895656,0.017793349,0.034126136
Oct-18,-0.02589141,0.001160435,0.001314113,-0.001434493,-0.006762979,-0.005711151,-0.00626878,-0.00847036,-0.006463277,-0.013706574
Nov-18,-0.009910738,0.003186347,0.005079307,0.007297182,0.00729751,0.008092529,0.006289376,0.005709543,0.00489496,-0.006377399
Dec-18,-0.010745576,0.011742884,0.016262992,0.021150075,0.022956861,0.022213723,0.020711127,0.019557441,0.009485081,-0.068950766
Jan-19,0.012700253,0.01474917,0.021303704,0.026435568,0.031476084,0.03581198,0.041442635,0.048386672,0.05790123,0.086642038
Feb-19,0.010146665,0.007637557,0.010847997,0.013253407,0.014081265,0.017832197,0.020119955,0.024223299,0.03176175,0.048580904
Mar-19,0.002071999,0.013025877,0.020067167,0.027987158,0.035387606,0.038475612,0.042698322,0.046420063,0.046831092,0.040256963
Apr-19,0.019748477,0.00692393,0.010290841,0.011857767,0.011939472,0.016010524,0.020072213,0.027821163,0.033523047,0.057824421
May-19,-0.008775623,0.013176797,0.018224831,0.021586851,0.028454121,0.029366026,0.029733816,0.02829961,0.023384891,0.011260308
Jun-19,0.01723573,0.019846952,0.024911319,0.031284167,0.038185255,0.041652419,0.046727589,0.053221222,0.056603842,0.062048692
Jul-19,0.011600917,0.011115315,0.013701276,0.016007798,0.01937794,0.021936158,0.025324665,0.028751432,0.032456778,0.04602128
Aug-19,3.78E-05,0.0223507,0.029451932,0.037688207,0.052111689,0.054977654,0.056189501,0.057283035,0.053852447,0.037050503
Sep-19,0.013421895,0.012438177,0.012784501,0.011991632,0.009466963,0.006814928,0.010066455,0.014594824,0.022970514,0.042801286
Oct-19,0.015501344,0.01601627,0.019318636,0.020604089,0.021063012,0.020846379,0.021468127,0.025615562,0.029426473,0.04367588
Nov-19,0.0246557,0.01239142,0.014864427,0.016521006,0.018412775,0.022134149,0.024691645,0.030949089,0.033798171,0.046031546
Dec-19,0.018775992,0.014569847,0.016369232,0.017946742,0.017519592,0.017141671,0.01974928,0.027135077,0.035394932,0.077737869
Jan-20,0.023512897,0.020790964,0.024578242,0.029064741,0.034543791,0.039311779,0.041969422,0.042440224,0.041913725,0.042353793
Feb-20,-0.005899166,0.021578881,0.024108999,0.027979527,0.031533737,0.032045928,0.031030413,0.02963015,0.021893459,0.002098759
Mar-20,-0.001286606,0.000595675,-0.013188856,-0.021343677,-0.030016846,-0.044782062,-0.062792906,-0.072239158,-0.126820075,-0.327369341
Apr-20,0.047973631,0.058498649,0.06919629,0.078241634,0.084743005,0.082234811,0.080944472,0.082921953,0.115841587,0.138480834
May-20,0.035403834,0.036605165,0.039334268,0.032844254,0.028450038,0.036005559,0.046228158,0.057222785,0.080287129,0.147086066
Jun-20,0.026037377,0.029116376,0.034761954,0.038974422,0.044378963,0.047444643,0.054402241,0.064164758,0.061627535,0.097862871
Jul-20,0.033540723,0.031755984,0.037752113,0.05249919,0.064424185,0.066352908,0.066494528,0.067503154,0.075980955,0.099288899
Aug-20,0.050869371,0.023980787,0.02444681,0.021077902,0.004162468,-0.003416025,0.00737916,0.020568978,0.038270289,0.088551419
Sep-20,0.019745287,0.023089262,0.022812278,0.022931366,0.020810548,0.020463685,0.023796934,0.028314213,0.028248733,0.035956063
Oct-20,0.024142236,0.023149978,0.022351847,0.022107839,0.019208759,0.018133562,0.02476298,0.031582112,0.038604351,0.053264228
Nov-20,0.05265669,0.027087951,0.03029545,0.038091172,0.04369959,0.05167623,0.055990253,0.061554794,0.071259738,0.128985924
Dec-20,0.035589629,0.025004826,0.025315752,0.025124687,0.022811149,0.023091669,0.026242711,0.037361005,0.049394796,0.081532062
Jan-21,0.055170341,0.021191789,0.018185139,0.017155431,0.006658922,0.004183682,0.005132605,0.015365972,0.028733459,0.061059117
Feb-21,0.038712632,0.021947265,0.010850405,0.005289162,-0.006488151,-0.012571344,-0.011517865,0.000194118,0.016185119,0.054533398
Mar-21,0.044561535,0.017563593,0.011232422,0.005646584,-0.000465838,-0.002345277,0.000655362,0.008121654,0.017985548,0.042616133
Apr-21,0.044208831,0.024986096,0.025750739,0.026683633,0.028023815,0.029026053,0.031226421,0.033671998,0.039927511,0.054916011
May-21,0.033871662,0.024532546,0.024332685,0.02442837,0.022448122,0.022015742,0.023860819,0.028722258,0.034009809,0.045799006
Jun-21,0.03259579,0.021093212,0.024136206,0.02932531,0.033739172,0.035657105,0.039865516,0.043218478,0.0444721,0.056191426
Jul-21,0.030950692,0.024920371,0.027128975,0.029135071,0.032071989,0.033638028,0.035927032,0.037849386,0.038616094,0.040822213
Aug-21,0.036056496,0.019064484,0.017746382,0.017574889,0.013746311,0.013722317,0.015752989,0.018097553,0.026484768,0.041536851
Sep-21,0.025193613,0.01713259,0.014809047,0.013003635,0.004691955,0.001853481,0.003849224,0.007067094,0.016353608,0.037382132
Oct-21,0.026617302,0.012305645,0.015094162,0.017925575,0.017992798,0.019124728,0.020991426,0.023104104,0.026943365,0.038108465
Nov-21,0.01737426,0.014431392,0.015522849,0.016053448,0.015443332,0.016284331,0.016369506,0.018651805,0.020025261,0.021595604
Dec-21,0.019330027,0.017004821,0.017445916,0.016967519,0.015322789,0.01332127,0.01471348,0.018291027,0.026189755,0.041753016
Jan-22,-0.000973968,-0.001182844,-0.004288558,-0.010481225,-0.016144642,-0.019825095,-0.023395476,-0.02052763,-0.0146561,0.0026152
Feb-22,-0.002884147,0.003321687,0.001097074,-0.002044355,-0.008042072,-0.014192268,-0.014891877,-0.013867742,-0.005977768,0.011317671
Mar-22,0.000942733,-0.010363818,-0.010998934,-0.012834661,-0.013317934,-0.012199393,-0.013632322,-0.012739136,-0.005122708,0.012498365
Apr-22,-0.020270868,-0.011889501,-0.023641985,-0.038557355,-0.052522738,-0.053769852,-0.056984675,-0.052806754,-0.044814045,-0.024236171
May-22,-0.001958488,0.009762327,0.011300817,0.011519865,0.012014349,0.012546316,0.013652283,0.014022118,0.01687472,0.014145537
Jun-22,-0.020568137,-0.015352997,-0.018534341,-0.022457145,-0.022795535,-0.024069582,-0.027151171,-0.026099603,-0.030751047,-0.048901352
Jul-22,0.0002998,0.016806144,0.027713064,0.034632246,0.038774183,0.04261649,0.045652177,0.044800555,0.051148123,0.048901292
Aug-22,-0.012442347,-0.017600935,-0.021568676,-0.02668064,-0.025845271,-0.024054709,-0.020334704,-0.016308068,-0.012333666,0.000726174
Sep-22,-0.03221494,-0.03168642,-0.043649697,-0.055384677,-0.058083833,-0.058286213,-0.05809048,-0.056192861,-0.048579298,-0.048820789
Oct-22,-0.016977718,-0.017183961,-0.017548154,-0.020386532,-0.019093434,-0.017392409,-0.013503685,-0.009602702,0.00012446,0.005128128
Nov-22,-0.004568132,0.010150338,0.022440228,0.03717231,0.04612971,0.050417458,0.05308991,0.052166192,0.053413763,0.043615594
Dec-22,-0.020158901,-0.009318882,-0.006695451,-0.003809916,-0.001306197,0.001920875,0.00512031,0.008304356,0.01091037,-0.01585848
Jan-23,-0.005462547,0.00359688,0.018343131,0.03007245,0.037283719,0.041480984,0.046017797,0.049739232,0.052386057,0.059541636
Feb-23,-0.021380908,-0.025837727,-0.030758593,-0.034796658,-0.035081661,-0.036299975,-0.035564601,-0.032142611,-0.026046108,-0.002930382
Mar-23,-0.005961235,0.01429158,0.01671954,0.023995693,0.029566175,0.033003024,0.032173176,0.031293031,0.028933217,0.004057003
Apr-23,-0.009949916,-0.001323026,0.00260693,0.007428738,0.009281603,0.012713903,0.014786473,0.016832277,0.018665481,0.022989405
May-23,-0.020616204,-0.018564406,-0.018011071,-0.020093902,-0.018130718,-0.015653072,-0.013791613,-0.010588325,-0.006184179,0.005398155
Jun-23,-0.010150972,-0.012557791,-0.006171902,-0.000912266,0.001610372,0.00444941,0.006568648,0.008617684,0.013462373,0.031047054
Jul-23,-0.005283702,-0.011753272,-0.006639064,-0.003850706,1.42E-05,0.002207459,0.005281254,0.008367344,0.013364557,0.027085643
Aug-23,-0.023183167,-0.016937334,-0.01515853,-0.01432801,-0.013469244,-0.012970299,-0.010050575,-0.007175598,-0.003862943,0.006289858
Sep-23,-0.033876565,-0.027406717,-0.030493518,-0.034673388,-0.035172296,-0.037200546,-0.034478627,-0.030150906,-0.02463398,-0.014007927
Oct-23,-0.032603192,-0.021168938,-0.023295104,-0.026592396,-0.025468251,-0.026167858,-0.0239781,-0.021700698,-0.016582814,-0.013486436
Nov-23,0.007393666,0.023132026,0.033275947,0.042437057,0.051838459,0.05595086,0.057410247,0.061850693,0.059123832,0.058606629
Dec-23,0.013163942,0.016312444,0.024326293,0.03274756,0.041897229,0.046841632,0.048609348,0.05283072,0.052923356,0.050770521
